4001	-0.0976941196819908
4002	-0.127871683420842
4003	-0.104859680480167
4004	-0.0420231769031399
4005	0.00530430076936785
4006	0.0042536520010786
4007	-0.0228242234358591
4008	-0.00323004752544375
4009	0.0641337417228177
4010	0.0901131668021947
4011	0.0513029398792221
4012	0.0276532800160998
4013	0.0354193317191852
4014	0.0278263610183965
4015	-0.000308386126918511
4016	-0.019614965712568
4017	-0.0229599471156487
4018	-0.0124160116440811
4019	0.0129707589535549
4020	0.00473131526109555
4021	-0.0160715083975293
4022	0.017515556288881
4023	0.0954853696562745
4024	0.170749845001873
4025	0.2308445803744
4026	0.223949288349121
4027	0.142295234338212
4028	0.0704015757444221
4029	0.0643887041650441
4030	0.0985013371596636
4031	0.115410655402155
4032	0.0781874499236325
4033	0.052818736853146
4034	0.0613063631389061
4035	0.0316434683747749
4036	-0.00980726839134449
4037	-0.0192876035414492
4038	-0.0240909610351948
4039	-0.0569163701438339
4040	-0.103753284083201
4041	-0.156587789394841
4042	-0.167068328343456
4043	-0.127299524272182
4044	-0.118139716161365
4045	-0.165213985268151
4046	-0.181822553623203
4047	-0.132317467446608
4048	-0.0903262367332641
4049	-0.102601416558906
4050	-0.110285680107392
4051	-0.0825108417035399
4052	-0.0224884926461931
4053	0.0232503891432577
4054	0.00329836063613326
4055	-0.0273889996817346
4056	0.004227239473534
4057	0.0582065003875777
4058	0.0729160535189782
4059	0.0764728431369492
4060	0.0599941960297062
4061	0.0237791467048372
4062	0.0123073614576533
4063	0.00878635954837539
4064	-0.0186945798716337
4065	-0.0389657073729215
4066	-0.0347525440930092
4067	-0.0125698783737502
4068	0.0134132823546066
4069	0.0336886252367534
4070	0.0456350299065251
4071	0.0925635541023108
4072	0.182367250516393
4073	0.234933684524953
4074	0.176605718079356
4075	0.0681965237046234
4076	0.0311294666662785
4077	0.0818118509619088
4078	0.135703340169106
4079	0.108914895036261
4080	0.0487419646466589
4081	0.042993397009583
4082	0.0549329245597216
4083	0.0230950409832842
4084	-0.0135493337291613
4085	-0.0230157061762771
4086	-0.0271503164871273
4087	-0.0419421576614551
4088	-0.0861143927752829
4089	-0.14686937232976
4090	-0.145257176609763
4091	-0.102309647980421
4092	-0.120487295480154
4093	-0.173138337715202
4094	-0.171739245053432
4095	-0.132320657884383
4096	-0.120444047738159
4097	-0.122077482399797
4098	-0.100683791433378
4099	-0.0573146837275953
4100	-0.00697252173316089
4101	0.0165975292179384
4102	0.00749981551248696
4103	0.00179888231105581
4104	0.0148073871308275
4105	0.0422895089941818
4106	0.0834758387488108
4107	0.102741110530817
4108	0.0580345680118335
4109	0.00471444873913459
4110	0.00274269387370201
4111	0.0239867697535297
4112	0.0276842226224881
4113	0.00148854635576215
4114	-0.048317542938956
4115	-0.0613877548297905
4116	-0.00326208460425863
4117	0.0518319440091065
4118	0.0569813088350146
4119	0.0909875066282819
4120	0.189318458509849
4121	0.219392172766034
4122	0.123781457468561
4123	0.0174743314319377
4124	0.00336539891196763
4125	0.0744140655143499
4126	0.146039317191557
4127	0.128060695541759
4128	0.0622052209089948
4129	0.0402278444018079
4130	0.0491506210909294
4131	0.0248037488659617
4132	-0.0163360729264007
4133	-0.0438624131093246
4134	-0.0526925210550008
4135	-0.0564060498609749
4136	-0.0783250944777636
4137	-0.102882847217023
4138	-0.103728207930539
4139	-0.111306669463079
4140	-0.152281650667893
4141	-0.175392905899925
4142	-0.153937777995877
4143	-0.129247551453228
4144	-0.123769200837619
4145	-0.113284799970642
4146	-0.0708145514247124
4147	-0.0195632795997637
4148	0.00366825302941632
4149	-0.000936557631818222
4150	-0.00754737063333864
4151	0.00131087466781927
4152	0.0220263062258101
4153	0.0554607592338258
4154	0.0946477890566613
4155	0.0919651251342989
4156	0.0481608907460589
4157	0.0153870270225694
4158	0.00897065811006799
4159	0.0235803363235075
4160	0.0308623770359512
4161	-0.00935983862828435
4162	-0.0633490040009953
4163	-0.0564574984301244
4164	0.00680314854631973
4165	0.0471862132864528
4166	0.0663610810077199
4167	0.117242980147989
4168	0.19400752626254
4169	0.191349201439367
4170	0.102043614581264
4171	0.0236276644956254
4172	0.0147271935413371
4173	0.0705719066592996
4174	0.12524495796768
4175	0.107166421711061
4176	0.0494524104425975
4177	0.0214395095171847
4178	0.0151722643803384
4179	0.00577001733530382
4180	-0.0108023784288277
4181	-0.0409887227579609
4182	-0.0552032424308907
4183	-0.0557740426370904
4184	-0.0601361887349385
4185	-0.0671365192019591
4186	-0.0971929687781934
4187	-0.1505144841573
4188	-0.184343852500082
4189	-0.172787593788393
4190	-0.145171400238645
4191	-0.119968459939259
4192	-0.107312214326849
4193	-0.0859324129132666
4194	-0.0382787897408927
4195	0.00187294465133358
4196	-0.00344853856116116
4197	-0.0278427544009216
4198	-0.025328757545485
4199	-0.00273817898112985
4200	0.0264822347650124
4201	0.0711427322397898
4202	0.10730916251504
4203	0.0970901559470742
4204	0.0590182725922938
4205	0.0313610609483772
4206	0.0262264768760835
4207	0.0394106636787706
4208	0.0260640077238926
4209	-0.0422352196266872
4210	-0.0926497178223795
4211	-0.0580265210565166
4212	0.00921536382164206
4213	0.0428095871709438
4214	0.0675010233205907
4215	0.133278117194971
4216	0.211370166543798
4217	0.206028184213417
4218	0.0993972484291075
4219	0.00716576460330983
4220	0.015198256260316
4221	0.0823400892123841
4222	0.110553131529368
4223	0.0818988919401687
4224	0.0306206001212985
4225	0.00605344595930871
4226	0.0096973214538308
4227	-0.000774017316853368
4228	-0.035989393567323
4229	-0.0547548607942444
4230	-0.049959878051698
4231	-0.0457980238045392
4232	-0.0516830231390082
4233	-0.0617437057076077
4234	-0.103342282597927
4235	-0.169345341465809
4236	-0.194520300785105
4237	-0.158376707729931
4238	-0.11434697925149
4239	-0.0900500525892868
4240	-0.0743212707839606
4241	-0.0510987685978471
4242	-0.00701623632550983
4243	0.00972370008327155
4244	-0.0257420664966877
4245	-0.0546856776732004
4246	-0.0491993515447246
4247	-0.020941367233742
4248	0.0318205355882346
4249	0.082950935877281
4250	0.100727576272115
4251	0.0949136503037888
4252	0.0605375906525935
4253	0.0185717895668163
4254	0.0342959159637283
4255	0.0479349120561234
4256	0.00637296868166666
4257	-0.051045643276817
4258	-0.0769205793742959
4259	-0.0396643583761716
4260	0.026231294472035
4261	0.0588719622270186
4262	0.0797124433554759
4263	0.140855428137047
4264	0.20816157172038
4265	0.197612541555908
4266	0.0990183600805798
4267	0.0152585070922723
4268	0.02524895552707
4269	0.0670842831312533
4270	0.0772168400951538
4271	0.0533588249919129
4272	0.00716779627611543
4273	-0.0126397469709405
4274	0.00979035958994571
4275	0.00674169078084274
4276	-0.0396037229222646
4277	-0.0747410764663411
4278	-0.0747765588470758
4279	-0.0581910702008924
4280	-0.0402764598684108
4281	-0.0485447583847583
4282	-0.0941960645114696
4283	-0.146841925415802
4284	-0.166679744217323
4285	-0.142591041369942
4286	-0.108907708191256
4287	-0.0856377953467033
4288	-0.0570709557266057
4289	-0.0173743804607602
4290	0.00456401845381657
4291	-0.013872207272715
4292	-0.0431678349058894
4293	-0.0655792863739647
4294	-0.0671685657154768
4295	-0.022337604819139
4296	0.0448139824558331
4297	0.072322534106228
4298	0.0733678873923439
4299	0.0860786327136673
4300	0.0618965598541195
4301	0.0345088368410544
4302	0.0521694084146657
4303	0.0560606365417984
4304	0.0007458262596886
4305	-0.0610921998154793
4306	-0.0751793366784721
4307	-0.0335339735598745
4308	0.0247869572387196
4309	0.0462601772941636
4310	0.0697471025722128
4311	0.141688864259691
4312	0.216382891676962
4313	0.208312684774136
4314	0.112922101024888
4315	0.0296930548390981
4316	0.0323712202279113
4317	0.0719832242121037
4318	0.0630110189515805
4319	0.00745307466710793
4320	-0.0300769585660948
4321	-0.00174491765626699
4322	0.036544960853615
4323	0.0057627694988961
4324	-0.0564446108014347
4325	-0.0910873545865215
4326	-0.0880679768135241
4327	-0.0492092396981378
4328	-0.0158403698880983
4329	-0.0524896483308845
4330	-0.118657036780648
4331	-0.151473230211884
4332	-0.152187891160952
4333	-0.130884996579727
4334	-0.0965285922594286
4335	-0.0706149325206448
4336	-0.03663344502904
4337	0.00717869979005883
4338	0.0189411731714431
4339	-0.0167729013514476
4340	-0.0591638840714198
4341	-0.0761894768455284
4342	-0.0633743566223663
4343	-0.0228985825819979
4344	0.0195565207180041
4345	0.0483771931331065
4346	0.0824601292629294
4347	0.108258371648407
4348	0.0762807496282178
4349	0.0294929379269449
4350	0.0429094201950766
4351	0.0486660454712931
4352	-0.0109556688415693
4353	-0.0684203759968278
4354	-0.077140595943294
4355	-0.039173295608961
4356	0.0176573143927834
4357	0.0411345043815984
4358	0.0687776352868166
4359	0.157892423561336
4360	0.249304992812512
4361	0.245780002250955
4362	0.137558972250001
4363	0.0304227108587563
4364	0.0284276753305964
4365	0.0703355527496362
4366	0.044875718484518
4367	-0.0295665343942829
4368	-0.0465975934212588
4369	0.00638885243202821
4370	0.0447557982345853
4371	0.00825360974999337
4372	-0.0631490928957926
4373	-0.103388806488897
4374	-0.084544140170866
4375	-0.0299251201533911
4376	-0.0232577612146541
4377	-0.0819020115602574
4378	-0.127894282186038
4379	-0.132812190712759
4380	-0.134644880455585
4381	-0.125650822893513
4382	-0.0920337870883877
4383	-0.0517637036662063
4384	0.000327430535455873
4385	0.0258508222781442
4386	0.000288200103301086
4387	-0.0452450096193148
4388	-0.0812627584218484
4389	-0.0817817928883387
4390	-0.0678932858360389
4391	-0.0512575768057763
4392	-0.0133080574731392
4393	0.0523359360038375
4394	0.105213362389625
4395	0.110994187614626
4396	0.0609770109090316
4397	0.0115954160272828
4398	0.0258653121602415
4399	0.0391174492182264
4400	-0.0122968305962655
4401	-0.0766340617116286
4402	-0.0798302864484532
4403	-0.0227785309925156
4404	0.0366128892207755
4405	0.0522785256718791
4406	0.0783600391293261
4407	0.171058672879396
4408	0.263810321954352
4409	0.257848919525422
4410	0.143585075650499
4411	0.0402286814651935
4412	0.0410009376536817
4413	0.0692308899124232
4414	0.0207245457674345
4415	-0.0492612202002172
4416	-0.043069799064875
4417	0.0136190245431741
4418	0.0476188879859568
4419	0.0121311904104777
4420	-0.0668930047785914
4421	-0.107561409403824
4422	-0.066611291322234
4423	-0.0174130463111374
4424	-0.0393195699881329
4425	-0.100350615904158
4426	-0.127956951835332
4427	-0.117327355343654
4428	-0.117218795668676
4429	-0.12141382231663
4430	-0.0976530673557463
4431	-0.0394521026611535
4432	0.0204884767730783
4433	0.0224069248672237
4434	-0.0246905952592715
4435	-0.072436235429664
4436	-0.0876248355748559
4437	-0.058988097677039
4438	-0.0467161485823163
4439	-0.0648758232119173
4440	-0.0274471158129205
4441	0.058901547190186
4442	0.0986373157421058
4443	0.0757098589902079
4444	0.0285180702507588
4445	0.00486908854402022
4446	0.0402216039866376
4447	0.0597706056561493
4448	-0.00733450319773535
4449	-0.0831448648468826
4450	-0.0779484798603746
4451	-0.0155989993923528
4452	0.0305612936154129
4453	0.0394877033000584
4454	0.0867859238309803
4455	0.194486426656601
4456	0.286043842894238
4457	0.280894063710581
4458	0.169454567420234
4459	0.0601752416866891
4460	0.0434837832271197
4461	0.0426072400389556
4462	-0.0159783579454621
4463	-0.0595913431268085
4464	-0.0475791014897203
4465	0.00806237779843423
4466	0.0594315784106878
4467	0.0317329176302432
4468	-0.0534506926328943
4469	-0.102114670250119
4470	-0.0685451717898862
4471	-0.0328106701241952
4472	-0.0652427841850274
4473	-0.120402884470831
4474	-0.130305530434474
4475	-0.103005876641973
4476	-0.0908909362032283
4477	-0.103060795630171
4478	-0.095371332618933
4479	-0.0372157800283591
4480	0.0178647939162006
4481	0.0180283810922621
4482	-0.0265382610735777
4483	-0.0747791255287368
4484	-0.082552060936176
4485	-0.0569647107569654
4486	-0.0579380332270674
4487	-0.0790462244904101
4488	-0.0461223210290526
4489	0.0274485230396747
4490	0.0757077343713641
4491	0.074428932171642
4492	0.0374193121658022
4493	0.0110498011130052
4494	0.0483368142001523
4495	0.0745775051773437
4496	0.00436397746323921
4497	-0.086642009618138
4498	-0.0877190673453164
4499	-0.0148067791297584
4500	0.0328522179542494
4501	0.0464760122279761
4502	0.0834885745479695
4503	0.182121194331975
4504	0.286436122553766
4505	0.294090708099063
4506	0.189694295273858
4507	0.0874351075633525
4508	0.0558734503283673
4509	0.0265644786364537
4510	-0.0314905526024558
4511	-0.0720179927868192
4512	-0.0516220592594097
4513	0.0169998057882566
4514	0.0586457670108847
4515	0.0281607534536169
4516	-0.0406984967380778
4517	-0.0752282859144932
4518	-0.0679374578312207
4519	-0.0630171217794483
4520	-0.100853629871344
4521	-0.148065578618845
4522	-0.142681918983556
4523	-0.0966379550938036
4524	-0.0752782591456018
4525	-0.0963872405385288
4526	-0.081311780865425
4527	-0.0137098600318723
4528	0.0324569355777381
4529	0.0206297639805922
4530	-0.0278525862951561
4531	-0.066861311140482
4532	-0.0658362506773769
4533	-0.0427208091511153
4534	-0.0600410570169006
4535	-0.0965011891275409
4536	-0.0660989407313219
4537	0.0151467555653402
4538	0.0671706624671008
4539	0.0685734553260839
4540	0.0398389728864294
4541	0.0179073119473042
4542	0.0422501540585715
4543	0.0692148311616521
4544	0.016408423475488
4545	-0.0731063550900024
4546	-0.0883026723973474
4547	-0.0274912320203375
4548	0.0245164775438823
4549	0.0433509959574187
4550	0.0820831055124089
4551	0.185719787438172
4552	0.290778500605412
4553	0.299587609990095
4554	0.214617137707234
4555	0.103631466815627
4556	0.0572643516381214
4557	0.036618243385904
4558	-0.0281647453856592
4559	-0.0840144828761212
4560	-0.0590558480741992
4561	0.0179088768195725
4562	0.0604858247913945
4563	0.0277371600102474
4564	-0.0325086834194732
4565	-0.0649764899698771
4566	-0.0861490059814359
4567	-0.0985517270459581
4568	-0.12100847696767
4569	-0.157614816364731
4570	-0.138364422276215
4571	-0.0792232267107216
4572	-0.0650761207126595
4573	-0.0831482578443769
4574	-0.0668237916097305
4575	-0.0238092553238911
4576	0.0108853545118412
4577	0.00611557973885181
4578	-0.0256591494003946
4579	-0.0491848115504701
4580	-0.0617267367021398
4581	-0.0603854379535572
4582	-0.0706518580877955
4583	-0.0990873201994524
4584	-0.0791035310807429
4585	-0.00408623454027738
4586	0.0510664033264374
4587	0.0563954512486749
4588	0.0324290193073061
4589	0.0193506279575871
4590	0.0527046318837291
4591	0.0825269834871807
4592	0.0268579166246114
4593	-0.06689052979435
4594	-0.0840926948328646
4595	-0.0193997377376951
4596	0.0325865348515993
4597	0.0407081712720405
4598	0.0768746212659176
4599	0.185669929014373
4600	0.287910981085017
4601	0.298667595533363
4602	0.233199130122959
4603	0.14042499306934
4604	0.0734791221405595
4605	0.0289714735252822
4606	-0.0323716149307952
4607	-0.0791726195471802
4608	-0.0535561946047979
4609	0.0138899013464659
4610	0.0427683152061465
4611	0.0231534775541387
4612	-0.0183059668048684
4613	-0.0610000880671474
4614	-0.101868130920959
4615	-0.116899151468203
4616	-0.117753955079416
4617	-0.132012398410347
4618	-0.12345435405707
4619	-0.0869336129747936
4620	-0.0677797761702905
4621	-0.0739417063137485
4622	-0.0593461985606003
4623	-0.0267400536416361
4624	0.00975836223612899
4625	0.0171430297317141
4626	-0.0150477838689009
4627	-0.0478287396672176
4628	-0.0674902553696542
4629	-0.0679383095336761
4630	-0.0767576465296014
4631	-0.106581667926856
4632	-0.105678838457749
4633	-0.0443334543079663
4634	0.0128353107371546
4635	0.0364603363761433
4636	0.0410420169175958
4637	0.0304965200360362
4638	0.0465110805846674
4639	0.081974355469207
4640	0.0467438666598545
4641	-0.0442056495682356
4642	-0.078984433082613
4643	-0.034011991871572
4644	0.0224356937720352
4645	0.051002245791783
4646	0.0840252713609256
4647	0.169184347434045
4648	0.26783054016771
4649	0.304096700636851
4650	0.262179408134822
4651	0.17433857281594
4652	0.0856892602027159
4653	0.032325597741533
4654	-0.0168622502391396
4655	-0.0682397144888431
4656	-0.0598687542322838
4657	-0.0026514776497759
4658	0.028600451226816
4659	0.0171872163004353
4660	-0.00331265082021851
4661	-0.0374337194407704
4662	-0.0905812623840412
4663	-0.125602100147261
4664	-0.131528987386384
4665	-0.138644260202098
4666	-0.134314693408442
4667	-0.0961228804791855
4668	-0.0604047826040103
4669	-0.0529480283781405
4670	-0.0513206789895325
4671	-0.0323031954364252
4672	-0.00112436437099984
4673	0.0241800309441732
4674	0.0157977804706252
4675	-0.028254946622175
4676	-0.0640591935402693
4677	-0.0686667799139824
4678	-0.0760028823546192
4679	-0.113896630252921
4680	-0.133499002241363
4681	-0.0846087018299805
4682	-0.0067810318829844
4683	0.0320438446272698
4684	0.0328558555490983
4685	0.023613179475201
4686	0.0416300238441411
4687	0.0831253387325636
4688	0.0669273958794527
4689	-0.0202647475631566
4690	-0.0746038078361994
4691	-0.0399294676275047
4692	0.00841236003516597
4693	0.0339681755447338
4694	0.0744729872626143
4695	0.156051540030599
4696	0.252997303612141
4697	0.306915998161201
4698	0.281248376767954
4699	0.199284336022256
4700	0.112423775626093
4701	0.0404668489299256
4702	-0.0191691982491899
4703	-0.0563842444121117
4704	-0.0473893664949141
4705	-0.00302798952722152
4706	0.0251208638161741
4707	0.0205577078007913
4708	0.000680151805715352
4709	-0.0388245892594567
4710	-0.102467761917646
4711	-0.150822200829731
4712	-0.151220203216772
4713	-0.147455125349242
4714	-0.145299744425806
4715	-0.101011130503659
4716	-0.0425869562824168
4717	-0.0260455100258461
4718	-0.0390897976343121
4719	-0.0400390098572063
4720	-0.015263896203619
4721	0.0176694598188569
4722	0.0170332780151594
4723	-0.0261524673015342
4724	-0.0608318876546755
4725	-0.0548067704177301
4726	-0.06399886604131
4727	-0.114819060282516
4728	-0.135955932104462
4729	-0.0979438110839675
4730	-0.0381838158367832
4731	0.0147843146831901
4732	0.0430142028034071
4733	0.036177096281533
4734	0.0377753686019253
4735	0.0712894073438493
4736	0.072911147404673
4737	0.0162662433683341
4738	-0.0469248077020692
4739	-0.048585906804724
4740	-0.0101784089225103
4741	0.0293108820521476
4742	0.0661871864932262
4743	0.12205055555259
4744	0.211153966005288
4745	0.294255639300302
4746	0.304045907389184
4747	0.234285393632101
4748	0.141639426491762
4749	0.0609926854153763
4750	0.0036938587322721
4751	-0.0398583100475406
4752	-0.0445066118819203
4753	-0.00157942337533025
4754	0.0253453873037195
4755	0.0184961687639252
4756	-0.00202819492378943
4757	-0.033528204237837
4758	-0.0874424807520272
4759	-0.146760835812569
4760	-0.172245954178784
4761	-0.159896442764598
4762	-0.134082520593866
4763	-0.100221666004868
4764	-0.0487524393804987
4765	-0.0193665353904947
4766	-0.0253004993772315
4767	-0.0345013326845106
4768	-0.0207537879779983
4769	0.00805689513730034
4770	0.0113873866613996
4771	-0.0186282102200797
4772	-0.0548518878759237
4773	-0.0659152544039767
4774	-0.0725020426668899
4775	-0.106955618967412
4776	-0.139089976449323
4777	-0.114026702896918
4778	-0.0604551375295654
4779	-0.0203464164311107
4780	0.0178870382984314
4781	0.0372053178002803
4782	0.0310734355630529
4783	0.0463822099040237
4784	0.0737178727764598
4785	0.0525241537808551
4786	-0.0166372044844994
4787	-0.058782277337514
4788	-0.0298128144764742
4789	0.023059318991039
4790	0.0681878107370185
4791	0.112671393219343
4792	0.167046472709706
4793	0.255112696604062
4794	0.325440853985904
4795	0.282058295864628
4796	0.160214361940442
4797	0.0820228309395103
4798	0.0406795138509997
4799	-0.00321362135413818
4800	-0.0406861016206241
4801	-0.0303773398873071
4802	0.00921913622988695
4803	0.0180360688587825
4804	-0.00483966998257501
4805	-0.0436497100251454
4806	-0.0808478656731789
4807	-0.127283194027473
4808	-0.165119231859379
4809	-0.169338890812511
4810	-0.137867246097334
4811	-0.0903136614502396
4812	-0.0504562706285404
4813	-0.0293427454891502
4814	-0.0242773067546767
4815	-0.0248594530289556
4816	-0.0235909290010762
4817	-0.00513828231314914
4818	0.0129142581912781
4819	0.0100230315916645
4820	-0.0250046659507334
4821	-0.0630850072687425
4822	-0.0742646704377686
4823	-0.104656506800435
4824	-0.15086905592493
4825	-0.142246505003378
4826	-0.0836878974110275
4827	-0.0347284117354639
4828	0.00429083074219825
4829	0.0309436058060042
4830	0.0334436811438168
4831	0.034211443062884
4832	0.0540224122067074
4833	0.0510001434869241
4834	0.00143077665491283
4835	-0.0447143535681253
4836	-0.0336316095853889
4837	0.0123278777368856
4838	0.062322134347841
4839	0.11408636167981
4840	0.162238446170805
4841	0.225187130964507
4842	0.298937684159713
4843	0.293759298863589
4844	0.189880356193
4845	0.105594207018433
4846	0.0698047117820936
4847	0.0345022942928091
4848	-0.00503636719389943
4849	-0.0206921166328544
4850	-0.0130874358249268
4851	-0.00335401581956902
4852	-0.0164421969205197
4853	-0.0462840152716168
4854	-0.0772620324465469
4855	-0.111145328540734
4856	-0.149238010987887
4857	-0.173296105187762
4858	-0.145867474894251
4859	-0.0932086740513658
4860	-0.0586462006210073
4861	-0.0345180799517223
4862	-0.0104031337645527
4863	-0.0116510742454064
4864	-0.0229882788537877
4865	-0.0195101755246437
4866	-0.00357482581117502
4867	0.0183024292167857
4868	0.00689915317745633
4869	-0.0327527791245112
4870	-0.0670204601562562
4871	-0.101435779425298
4872	-0.144051580481398
4873	-0.156548955582762
4874	-0.125458221824438
4875	-0.0793120965963298
4876	-0.0366674809590393
4877	0.00334323592721637
4878	0.0296428214821158
4879	0.0317241458014225
4880	0.0456449301864786
4881	0.0637931073648495
4882	0.0411437553872121
4883	-0.00954821705344249
4884	-0.0326637739854018
4885	-0.00228178008032766
4886	0.0494197142694561
4887	0.102048309711702
4888	0.144097320971902
4889	0.190511356061483
4890	0.266821767100965
4891	0.3044494074225
4892	0.224866791450752
4893	0.117038752705549
4894	0.0809743034150963
4895	0.0609452978750064
4896	0.0192975696653801
4897	-0.0144055847494384
4898	-0.0139958123472179
4899	0.00306165212626429
4900	-0.0025715498254941
4901	-0.0478943110408528
4902	-0.0870561984516607
4903	-0.10603935467628
4904	-0.140391013969505
4905	-0.173700250790548
4906	-0.162822146518881
4907	-0.103031292396918
4908	-0.0497438758945231
4909	-0.0292150758643925
4910	-0.0151446440418168
4911	0.002014800289886
4912	-0.0128009831541217
4913	-0.0293240572836887
4914	-0.0144347908085226
4915	0.009356236301994
4916	0.0153319909661879
4917	-0.0222981150566604
4918	-0.0619293742052083
4919	-0.0851553469023278
4920	-0.128832070254198
4921	-0.163450521320503
4922	-0.149016745654411
4923	-0.101255960110333
4924	-0.0496039282128294
4925	-0.0158460163624674
4926	0.00925346840865752
4927	0.0404057564086851
4928	0.0534501144417393
4929	0.0452832857779383
4930	0.0317770124639885
4931	0.0133210921242898
4932	-0.00213648730519376
4933	-0.00215559463731974
4934	0.0251818874405212
4935	0.0751988823139456
4936	0.129870675911989
4937	0.169441805352625
4938	0.216523945488352
4939	0.279879380698971
4940	0.269489911944991
4941	0.170886131005649
4942	0.0966593505145641
4943	0.0762090410730002
4944	0.0508538081924437
4945	0.0154192826909351
4946	-0.00414489115671062
4947	-0.00525084072305913
4948	-0.00273432676452944
4949	-0.0340181205085451
4950	-0.084656591024308
4951	-0.109175466784977
4952	-0.121246547992919
4953	-0.150683402448489
4954	-0.171141271867504
4955	-0.135081207926104
4956	-0.061959882022042
4957	-0.0248793902132962
4958	-0.0228920502885976
4959	-0.00974783594839638
4960	-0.00737542111746292
4961	-0.0225851578524378
4962	-0.0263824303136807
4963	-0.00296427299087649
4964	0.0250753018892419
4965	0.0126782174834358
4966	-0.0353588867149329
4967	-0.0818316517926558
4968	-0.124796159588798
4969	-0.161506872060146
4970	-0.164764488413588
4971	-0.134485364011862
4972	-0.0800344946304531
4973	-0.0291549975501265
4974	0.00274519354580247
4975	0.0286775657800739
4976	0.0481280683678528
4977	0.048270091236318
4978	0.0364501313636737
4979	0.0254269310405941
4980	0.0052878696288185
4981	-0.011706483435579
4982	0.00387615989059712
4983	0.041196330312875
4984	0.0982126822590998
4985	0.15574455162672
4986	0.196406213046083
4987	0.247847806240694
4988	0.282329441373179
4989	0.221709216680795
4990	0.132373674941977
4991	0.0939952256583069
4992	0.0814616962363684
4993	0.0548149016814407
4994	0.0165881893911233
4995	0.00242073525910404
4996	0.000760650005547876
4997	-0.0318193166916651
4998	-0.0933009989632066
4999	-0.125271491261282
5000	-0.120541698962131
5001	-0.1254892475423
5002	-0.160365058211033
5003	-0.160811810691156
5004	-0.0866064230614499
5005	-0.0205653049102797
5006	-0.0141555266931543
5007	-0.014487075536076
5008	-0.00417686339178042
5009	-0.0115534608918842
5010	-0.0278807410847056
5011	-0.0193415965556249
5012	0.0117162562989146
5013	0.0222347507624785
5014	-0.0130530875335938
5015	-0.0632203642385055
5016	-0.106474282857999
5017	-0.144315778482631
5018	-0.170692757009544
5019	-0.168100367603743
5020	-0.125996085419477
5021	-0.0677655961747356
5022	-0.0309140469084139
5023	-0.00304131024934667
5024	0.0382323348381676
5025	0.056322819337621
5026	0.0378296299708228
5027	0.0280834279243937
5028	0.0343512673311172
5029	0.0174617213792348
5030	0.00564030564462934
5031	0.0286340151045102
5032	0.0731764075606214
5033	0.134552267637954
5034	0.188637071573037
5035	0.223700206888264
5036	0.264256255536749
5037	0.26313981483033
5038	0.174843173740691
5039	0.0995266306810443
5040	0.0965320473563402
5041	0.0913500248112648
5042	0.0501433815424129
5043	0.0136359755898516
5044	0.0100166842694984
5045	-0.0197324729984207
5046	-0.0909480068407558
5047	-0.136613178032862
5048	-0.137698308540911
5049	-0.122210720364079
5050	-0.138269384002512
5051	-0.164084612919127
5052	-0.129915564502005
5053	-0.0419963762253449
5054	-0.00205822583565672
5055	-0.0146686725148933
5056	-0.00995398826994384
5057	8.15984692119234e-05
5058	-0.0149124596240784
5059	-0.0342368037764265
5060	-0.00734118644790652
5061	0.0271571680417295
5062	0.0153488740596137
5063	-0.0339285125296258
5064	-0.0895470219904896
5065	-0.134076231193426
5066	-0.164959105590868
5067	-0.18147620481785
5068	-0.15886711239762
5069	-0.0938175438135039
5070	-0.0437664944986724
5071	-0.0228361292568284
5072	0.00922615525681149
5073	0.0355495960485038
5074	0.0274367848308798
5075	0.0138976519043047
5076	0.0329104260020378
5077	0.0461140961401241
5078	0.0268054608063021
5079	0.024056774944786
5080	0.0582783303425881
5081	0.112804229766248
5082	0.169973217510072
5083	0.208388441436395
5084	0.230568392389986
5085	0.256665765072237
5086	0.229712778851373
5087	0.14027299960205
5088	0.0961297074136649
5089	0.115662228535342
5090	0.106362466034544
5091	0.0486665997077046
5092	0.0105318884643394
5093	-0.0122640920620617
5094	-0.0713970352637363
5095	-0.135720171146827
5096	-0.149165073941293
5097	-0.131081401833883
5098	-0.127263830082623
5099	-0.153429148323382
5100	-0.158042162108741
5101	-0.0926870369455797
5102	-0.0208450473487566
5103	-0.00880314611226734
5104	-0.0186180610216068
5105	0.000730120606672844
5106	0.00971424530183913
5107	-0.0135479185931579
5108	-0.0163948788419022
5109	0.019604067671224
5110	0.0419681439022374
5111	0.0143719654336684
5112	-0.0565922137442942
5113	-0.121382292774939
5114	-0.155381584708533
5115	-0.180588685460834
5116	-0.183786391782636
5117	-0.141414669643211
5118	-0.0757582913738705
5119	-0.0404438697502966
5120	-0.0189610726427117
5121	0.0231641936806018
5122	0.0368046647348664
5123	0.0113837469041544
5124	0.00896151567849708
5125	0.0405842578220379
5126	0.0481130812405795
5127	0.0314290451160942
5128	0.0377093113811389
5129	0.0798222390735309
5130	0.144105638161522
5131	0.20124560602099
5132	0.218994397896993
5133	0.225030403521879
5134	0.236282177329045
5135	0.190233496203237
5136	0.10755365677684
5137	0.0898632816727603
5138	0.124408008596652
5139	0.112843646409048
5140	0.0495376890219004
5141	-0.00175999731771159
5142	-0.0383923543273293
5143	-0.0970044061007934
5144	-0.153262791159116
5145	-0.17087085828469
5146	-0.155035839213156
5147	-0.139209174215473
5148	-0.148245697239022
5149	-0.12832385316168
5150	-0.0619967864690962
5151	-0.013789551179536
5152	-0.0148571163835975
5153	-0.0125688273371374
5154	0.00665564350455002
5155	0.00298672964558497
5156	-0.0168307049157568
5157	-0.00683286246112011
5158	0.0385511534344805
5159	0.0597429441835828
5160	0.0246075633314608
5161	-0.0701821290462651
5162	-0.151012936346758
5163	-0.174273897361446
5164	-0.191259374185862
5165	-0.183725003452316
5166	-0.136338944901104
5167	-0.0788837970543107
5168	-0.0385923900487731
5169	0.00441457313999478
5170	0.0389170167243202
5171	0.0295053760290857
5172	0.00234500203257637
5173	0.015758577235826
5174	0.0598126991098768
5175	0.0614637958862281
5176	0.0366917164497634
5177	0.040780555594146
5178	0.0958488733959881
5179	0.172858475177794
5180	0.221059368467804
5181	0.224567309225006
5182	0.226533013686642
5183	0.222566518305545
5184	0.161929225525489
5185	0.0960945144658703
5186	0.108132431261816
5187	0.148137228683591
5188	0.12011189617976
5189	0.0334967813595263
5190	-0.0360075499323672
5191	-0.0799361247665166
5192	-0.131477745823374
5193	-0.172909781489112
5194	-0.182352575390787
5195	-0.157929197663029
5196	-0.124573915144941
5197	-0.122685151370463
5198	-0.103866797139587
5199	-0.0474687692694286
5200	-0.0173886107017122
5201	-0.0124552889720202
5202	0.00380434352694466
5203	0.00829624062954382
5204	-0.0101092075996413
5205	-0.00933283537806038
5206	0.0237306264960468
5207	0.0596764725714416
5208	0.0576375124574533
5209	0.0108736780291603
5210	-0.0794643761216208
5211	-0.1586660775633
5212	-0.190281189051442
5213	-0.208878011618202
5214	-0.191295178682687
5215	-0.134374885296882
5216	-0.0898693174575905
5217	-0.0576618230141896
5218	-0.00132280333800854
5219	0.0380306952918621
5220	0.0148975100427681
5221	-0.010814336363035
5222	0.0209628395119211
5223	0.0754404096429123
5224	0.0787126858902255
5225	0.045604438212342
5226	0.0508184362428299
5227	0.121939571159579
5228	0.200641935428958
5229	0.222597085381655
5230	0.217153207255741
5231	0.222563806026319
5232	0.211544003451698
5233	0.146474039514325
5234	0.0898779787550113
5235	0.114150525571757
5236	0.164466970780543
5237	0.129330667594598
5238	0.0182276574657379
5239	-0.0513274215294911
5240	-0.0884822089758788
5241	-0.137269597647917
5242	-0.179748918685622
5243	-0.20332421409511
5244	-0.172194038614708
5245	-0.119187184962436
5246	-0.117108733239804
5247	-0.104484796839234
5248	-0.0497066778442876
5249	-0.0207806698505089
5250	-0.000910340182429942
5251	0.016889254338399
5252	0.00842316275578523
5253	0.000151147501562216
5254	0.00322597127382695
5255	0.0296537323488002
5256	0.0556872182540371
5257	0.0370767587236398
5258	0.00322161899242068
5259	-0.0714405482363418
5260	-0.16474280854635
5261	-0.196547812162137
5262	-0.202744777328793
5263	-0.184079480607656
5264	-0.127958501881945
5265	-0.0993239485750034
5266	-0.0694018245905329
5267	-0.00124555552521942
5268	0.0317604386122116
5269	0.000934648866804555
5270	-0.0178970038417562
5271	0.0280307189780937
5272	0.0944935083997207
5273	0.0976692267068762
5274	0.0575626390683484
5275	0.067099616936211
5276	0.147289999708277
5277	0.225616744550769
5278	0.231071641520635
5279	0.208664023833319
5280	0.210220091140959
5281	0.203004101564831
5282	0.143202900979831
5283	0.0847248388647731
5284	0.106769233473267
5285	0.172086557955047
5286	0.150979712047651
5287	0.01958415182134
5288	-0.0837207464135871
5289	-0.116192252750712
5290	-0.133068254392685
5291	-0.175937537205296
5292	-0.227230868132172
5293	-0.193285486739765
5294	-0.113897318337039
5295	-0.0908312350745829
5296	-0.0898602569284762
5297	-0.070199018812397
5298	-0.0360549814446496
5299	0.0149674303174245
5300	0.0267364259883076
5301	0.00118116206680275
5302	0.00293742818756343
5303	0.0247452494640196
5304	0.0520856930641224
5305	0.0566370673848659
5306	0.0272506258460943
5307	-0.00152048485445631
5308	-0.0653432816825588
5309	-0.157084213404057
5310	-0.202552562831112
5311	-0.217501660435309
5312	-0.190331933210334
5313	-0.12871400476022
5314	-0.109408791382845
5315	-0.078757207257489
5316	-0.00816125503555591
5317	0.0195863215159038
5318	-0.00131297849158919
5319	-0.0160498673034576
5320	0.0117050360952813
5321	0.0836255772083882
5322	0.112835040601782
5323	0.0804209332660224
5324	0.0817671039533887
5325	0.156979250440843
5326	0.235312452733694
5327	0.249929392582758
5328	0.226388407385689
5329	0.207747664903872
5330	0.190562928440617
5331	0.140489712595365
5332	0.0919462098428069
5333	0.105724082577429
5334	0.155561348760204
5335	0.149852706051514
5336	0.0318689090969431
5337	-0.0943187411930971
5338	-0.12715195422602
5339	-0.14149398238914
5340	-0.191398358104396
5341	-0.228531073290082
5342	-0.206946612835919
5343	-0.13735174680014
5344	-0.085133954409067
5345	-0.08892932434235
5346	-0.0854677400268359
5347	-0.0413503435669719
5348	0.0128511269044841
5349	0.0348304677980902
5350	0.0207867041936364
5351	0.0184949475730024
5352	0.0398777769283648
5353	0.0631501516247531
5354	0.0646580105378793
5355	0.0407293190913681
5356	-0.00445657490633906
5357	-0.0554938061074295
5358	-0.113700729277544
5359	-0.181785797198199
5360	-0.223933382791172
5361	-0.20292138054176
5362	-0.15064242783275
5363	-0.121516199641496
5364	-0.0995192439997969
5365	-0.0568708247846435
5366	-0.0167637873271604
5367	-0.00191489133667392
5368	-0.00732031002807726
5369	0.0121971396642543
5370	0.0753332003543657
5371	0.127779914535729
5372	0.125945681826693
5373	0.119622249444567
5374	0.161875466213981
5375	0.216750728616444
5376	0.243938486699051
5377	0.235278104450949
5378	0.208066421164101
5379	0.180234128897318
5380	0.136037699490403
5381	0.102181601112911
5382	0.111875527913094
5383	0.137186828513552
5384	0.120393577787392
5385	0.0298012429616369
5386	-0.0771439023083012
5387	-0.12108162121041
5388	-0.144923488236059
5389	-0.195588418633315
5390	-0.221660978999057
5391	-0.191474231508321
5392	-0.132022064017976
5393	-0.0922757895276195
5394	-0.0868874693996861
5395	-0.0819281338573492
5396	-0.0430619563859599
5397	-0.000431967749995978
5398	0.00883715984095111
5399	0.0110805547875732
5400	0.0329167466150951
5401	0.056669163475492
5402	0.067422366430966
5403	0.0577896521994502
5404	0.0385322629674534
5405	0.00971798191973139
5406	-0.0337772212745656
5407	-0.0811153130764433
5408	-0.157672752911731
5409	-0.224166184174438
5410	-0.207435724708699
5411	-0.164165768778424
5412	-0.141336344756152
5413	-0.118262342609866
5414	-0.0905146275400705
5415	-0.0407074490875776
5416	0.00518068768742092
5417	0.00257875559987431
5418	0.00307515509760886
5419	0.0602851189106238
5420	0.136149552812986
5421	0.16715163371336
5422	0.143443690304304
5423	0.145270811239596
5424	0.197025998392395
5425	0.22923056027127
5426	0.223508565900522
5427	0.204079839317359
5428	0.177457440142991
5429	0.15353580516754
5430	0.132633539480048
5431	0.109730531404252
5432	0.102968634759509
5433	0.0918912987458346
5434	0.0422605654272638
5435	-0.036450575623605
5436	-0.103417690030679
5437	-0.13920977675888
5438	-0.172054250913462
5439	-0.195657497979141
5440	-0.178373088820495
5441	-0.140848950120968
5442	-0.115828492422463
5443	-0.102053633375483
5444	-0.0887120076279837
5445	-0.0593957743084746
5446	-0.0353892480226812
5447	-0.0306245083604871
5448	0.00510772127947437
5449	0.0529346612493964
5450	0.0698575326195918
5451	0.0673347713960606
5452	0.0526510999325439
5453	0.0395217260027558
5454	0.0189296094622714
5455	-0.0212561290194978
5456	-0.0478297449924375
5457	-0.095482129219026
5458	-0.177608407234871
5459	-0.207305974980884
5460	-0.185810445887093
5461	-0.16518970174811
5462	-0.14175671091482
5463	-0.132416728956538
5464	-0.102330381589609
5465	-0.0311359894945136
5466	0.0040357561165019
5467	-0.00195770886894621
5468	0.0359643670118005
5469	0.124863905051442
5470	0.194396446792671
5471	0.192298222831301
5472	0.162448070166551
5473	0.17648749874119
5474	0.20826776524821
5475	0.216125734032171
5476	0.214675406271189
5477	0.204627500763746
5478	0.174327921170265
5479	0.150612218199643
5480	0.131592120029085
5481	0.0955062949957595
5482	0.0538856713498597
5483	0.0177128812203652
5484	-0.0066063601192897
5485	-0.0479840970374992
5486	-0.128052370799312
5487	-0.189327289517163
5488	-0.185057147270257
5489	-0.151167974542664
5490	-0.130795342987153
5491	-0.143179811601638
5492	-0.146682809103683
5493	-0.086225349484931
5494	-0.034433761529829
5495	-0.0562701559683095
5496	-0.0777173927568935
5497	-0.0248525535034286
5498	0.0589438254151351
5499	0.0882528897336387
5500	0.0591545151683689
5501	0.0346386865817764
5502	0.0363573856232486
5503	0.0227792134440266
5504	-0.0136136860572545
5505	-0.028421500855491
5506	-0.0490805669174276
5507	-0.111735657825196
5508	-0.164960093022278
5509	-0.174155559990155
5510	-0.166733650223908
5511	-0.161810925529889
5512	-0.16686349822002
5513	-0.1457067275668
5514	-0.0766112954649358
5515	-0.0171896605461679
5516	-0.00124523843671901
5517	0.0210972086635005
5518	0.0959195578657125
5519	0.187147801935696
5520	0.211625531856734
5521	0.177485887922321
5522	0.169687898326199
5523	0.195718379887518
5524	0.208517206235846
5525	0.223328231382839
5526	0.232217474407767
5527	0.198573175307004
5528	0.165135207485805
5529	0.141162133217823
5530	0.0879676572736698
5531	0.0338709427972323
5532	-0.00340037257384276
5533	-0.0202593053244954
5534	-0.010032434704354
5535	-0.0468059638065151
5536	-0.136825586380237
5537	-0.178746547219169
5538	-0.164087156740299
5539	-0.1335045452552
5540	-0.122699358680682
5541	-0.148240812263485
5542	-0.12851977472489
5543	-0.0608462899742878
5544	-0.0493685008172852
5545	-0.0808062938446021
5546	-0.0648622138748124
5547	-0.00202317028799701
5548	0.0549221240624973
5549	0.0647792677416585
5550	0.0353558216639548
5551	0.0183436911325699
5552	0.0125958676384081
5553	-0.00163823541502192
5554	-0.00731270025956932
5555	-0.0164653140156356
5556	-0.0493379684254095
5557	-0.0838198608815785
5558	-0.120742153351268
5559	-0.153369037931993
5560	-0.174122937943068
5561	-0.191590526490129
5562	-0.17497305007792
5563	-0.123531578365939
5564	-0.0694672000018574
5565	-0.0315176562836101
5566	-0.0021890376156759
5567	0.0598246963432247
5568	0.154548559596303
5569	0.201186673235713
5570	0.190554467374124
5571	0.170650045108457
5572	0.176937042908467
5573	0.205052650651831
5574	0.226227995697487
5575	0.235529837499377
5576	0.223935200714421
5577	0.199212804332983
5578	0.172234931566352
5579	0.103374241371935
5580	0.0206846215436343
5581	-0.0116638906756525
5582	-0.0189130479940479
5583	-0.0367077099751528
5584	-0.0420231734585389
5585	-0.0498882709824995
5586	-0.095860187009324
5587	-0.138936616947173
5588	-0.14394206549382
5589	-0.142218468204613
5590	-0.134193692577494
5591	-0.115605507812934
5592	-0.103018266821642
5593	-0.086534209849566
5594	-0.0790193721323407
5595	-0.0666453484013625
5596	-0.0318333742727662
5597	-0.00249259156364835
5598	0.0270291885932782
5599	0.037796051835319
5600	0.022515890034316
5601	0.00840384149992695
5602	0.00166209851987288
5603	-0.00678998579561796
5604	-0.00678085535697403
5605	-0.0121526997749384
5606	-0.0262762901994449
5607	-0.0493433191921252
5608	-0.0994731010018933
5609	-0.151446274750748
5610	-0.175357695306519
5611	-0.182728332549446
5612	-0.161355335811214
5613	-0.110528477008679
5614	-0.0629314475503183
5615	-0.0280407255266976
5616	0.0168272660308476
5617	0.0775643336669341
5618	0.148985001418701
5619	0.188537827462338
5620	0.181998500760103
5621	0.163465307641096
5622	0.165994746387602
5623	0.204942708357538
5624	0.242227908573424
5625	0.229033823758659
5626	0.204764498519481
5627	0.196384296766849
5628	0.144009555356205
5629	0.0429376274278897
5630	-0.0165314216844912
5631	-0.00880449957648188
5632	0.00330474490935017
5633	-0.0457369243914726
5634	-0.0741812765951679
5635	-0.0248927309224677
5636	-0.0181353718159815
5637	-0.103949334118317
5638	-0.175112142946463
5639	-0.165579505360729
5640	-0.0946908434670289
5641	-0.0592324830171879
5642	-0.108682028374273
5643	-0.132714119237759
5644	-0.0896238039413649
5645	-0.0355679365913251
5646	-0.0227920397353007
5647	-0.0303834641793818
5648	-0.0219212775559651
5649	-0.0064673183113595
5650	-0.0126466874604991
5651	-0.0166223868742176
5652	-0.00317419787448954
5653	-0.00909093529233484
5654	-0.0205209518157036
5655	-0.00628415777168972
5656	0.0151499932462873
5657	6.65169257135171e-05
5658	-0.0702154653767981
5659	-0.144640501424497
5660	-0.155136944280357
5661	-0.145025344188844
5662	-0.144623415182968
5663	-0.106394780213174
5664	-0.0449592473322151
5665	0.00584483410782507
5666	0.0354053600565422
5667	0.0697090366705264
5668	0.130405059692362
5669	0.166216057174713
5670	0.156633499485929
5671	0.136411081747091
5672	0.144953591323321
5673	0.197001670263941
5674	0.241380293771277
5675	0.223002558489741
5676	0.184448086033571
5677	0.156459692234604
5678	0.111665829142808
5679	0.0385521063793672
5680	-0.00896911980344521
5681	-0.00596819223146507
5682	-0.0143583282859723
5683	-0.0500300399073891
5684	-0.0448961919177353
5685	0.0198887043730419
5686	0.0386439935648276
5687	-0.0682154042573626
5688	-0.171345737144764
5689	-0.136603754867691
5690	-0.0701237835339567
5691	-0.0828649823995043
5692	-0.123678259897754
5693	-0.130885099700502
5694	-0.0906068691416771
5695	-0.0361147844739367
5696	-0.0338058400217445
5697	-0.0560021041089018
5698	-0.0531221103043849
5699	-0.057731574477059
5700	-0.0553550185834059
5701	-0.0282249496563808
5702	-0.0294464928280401
5703	-0.0390313885403083
5704	-0.0283489639942733
5705	-0.00502279050990587
5706	0.0316390734662508
5707	0.0278941972619094
5708	-0.0380978624050325
5709	-0.0949875477076151
5710	-0.119319181664607
5711	-0.124532168805698
5712	-0.109032374438795
5713	-0.072322570063742
5714	-0.0114390024334258
5715	0.0336978156677962
5716	0.031554643634405
5717	0.0555012995601524
5718	0.123091998309453
5719	0.141753188628156
5720	0.11880953758424
5721	0.111736821679652
5722	0.13242203020883
5723	0.179558228751401
5724	0.215901333584235
5725	0.191759177359917
5726	0.149703074289778
5727	0.125349674240134
5728	0.10018093002171
5729	0.0580154007346719
5730	0.00872749597151556
5731	-0.0226027753883973
5732	-0.0231273450874926
5733	-0.00523359993070396
5734	0.00546247891995161
5735	0.0294591209330737
5736	0.0389531700666151
5737	-0.0221204669211348
5738	-0.108883979567385
5739	-0.123384822556354
5740	-0.0959093747145957
5741	-0.0970660347257203
5742	-0.100728351627657
5743	-0.086055583541461
5744	-0.0775652372942964
5745	-0.0681680078896157
5746	-0.0512754219964482
5747	-0.0591260090434851
5748	-0.0971027510866531
5749	-0.127714189022902
5750	-0.106151052594584
5751	-0.0568508180131281
5752	-0.0380040126618866
5753	-0.0504773563147642
5754	-0.0453309271651367
5755	0.00439876997849872
5756	0.0390186332831712
5757	0.0113801880699779
5758	-0.0235931806868697
5759	-0.040167660246514
5760	-0.068238321557319
5761	-0.0856660229426066
5762	-0.0636752250813377
5763	-0.0282224808651272
5764	0.0248182205635809
5765	0.062187183238504
5766	0.0513822612838141
5767	0.0453266327010347
5768	0.0909574194529777
5769	0.120060898432482
5770	0.099200697845277
5771	0.0853987842210047
5772	0.106565367440526
5773	0.133514727454077
5774	0.153375633337118
5775	0.155495299086678
5776	0.119536739886233
5777	0.0924443137124275
5778	0.0917714741933706
5779	0.0673319926590515
5780	0.0199801966128444
5781	-0.0167330937674347
5782	-0.0168249322715504
5783	0.0110605782378638
5784	0.0237951530131829
5785	0.0266820195401685
5786	0.0407066881595962
5787	0.0383473314962204
5788	-0.0129651512443137
5789	-0.0943297189960708
5790	-0.116033565310937
5791	-0.0904492932033769
5792	-0.0754912068156862
5793	-0.0680355195921443
5794	-0.076527484222715
5795	-0.0914681070715159
5796	-0.0669945403470839
5797	-0.0566741176681802
5798	-0.118851588094231
5799	-0.178770298541795
5800	-0.157253248825528
5801	-0.101917947070981
5802	-0.0684514676773008
5803	-0.0730565823031971
5804	-0.071994903874412
5805	-0.00869186662793616
5806	0.0342261051871297
5807	0.000223314064264951
5808	-0.0113394556300526
5809	0.00417698660141054
5810	-0.0161198303463877
5811	-0.0425387854051056
5812	-0.0325996907195954
5813	0.0137296334288223
5814	0.0738052634828569
5815	0.105103042749114
5816	0.0923910878425091
5817	0.0710750703387984
5818	0.0742252226403008
5819	0.0981434220721641
5820	0.0959901948917254
5821	0.0664919669554405
5822	0.0648093469921465
5823	0.0813426644547202
5824	0.0907998861042873
5825	0.107695172737781
5826	0.0840077580340738
5827	0.0399580155368928
5828	0.0572492878389043
5829	0.072783464742758
5830	0.0284753705728773
5831	-0.0129387990714953
5832	-0.0113917047821944
5833	0.0172988052259495
5834	0.0484921539478617
5835	0.0394396388552281
5836	0.0393943926474245
5837	0.0729303971591023
5838	0.0612783097171362
5839	-0.0297496078088909
5840	-0.0964576496996063
5841	-0.0836393090760016
5842	-0.0459395843908577
5843	-0.0410929116150506
5844	-0.0698169719494454
5845	-0.0881159360223505
5846	-0.0663719887201126
5847	-0.0606343771232004
5848	-0.132008280121924
5849	-0.199060946332555
5850	-0.190375398329899
5851	-0.148492937525536
5852	-0.119737377253435
5853	-0.11361407932267
5854	-0.0961605057414497
5855	-0.0273778150203197
5856	0.00582436255607051
5857	-0.0275470991371544
5858	-0.0221993835707154
5859	0.0238879989697088
5860	0.0249759750486064
5861	0.0044339094677504
5862	0.00367317182295953
5863	0.047321307795461
5864	0.12027313202996
5865	0.150601466638355
5866	0.124795988210572
5867	0.0963162488282842
5868	0.0752440211855786
5869	0.0780614567858769
5870	0.0915806920446433
5871	0.0724912418632747
5872	0.0383111739731994
5873	0.0342618903418861
5874	0.0485013162723401
5875	0.0590539567567179
5876	0.0587495425048131
5877	0.028541793354267
5878	0.00998180182995416
5879	0.0399330607355706
5880	0.041490108015739
5881	-0.000972738425372637
5882	-0.0118445924930648
5883	0.010776772458585
5884	0.0388610586286607
5885	0.0447857532423299
5886	0.0344045140149681
5887	0.0589788877936705
5888	0.0700976098127559
5889	0.0168949357303191
5890	-0.0392350315307393
5891	-0.0542694401612873
5892	-0.0374818304404976
5893	-0.0213678480614199
5894	-0.0376193309070274
5895	-0.0512236357185843
5896	-0.0388448159025733
5897	-0.0482303190019807
5898	-0.0989976059405035
5899	-0.158637072729518
5900	-0.187085122494001
5901	-0.172162401649732
5902	-0.152842282891012
5903	-0.152237465335287
5904	-0.120767400068977
5905	-0.0580547280420735
5906	-0.0327580969109765
5907	-0.0500446810949226
5908	-0.0546728223179739
5909	-0.0118669972909646
5910	0.0250172692139385
5911	0.00675515571442632
5912	-0.00312892785243445
5913	0.0519578818973927
5914	0.123669953325211
5915	0.16965094722669
5916	0.171018226957899
5917	0.13638871438932
5918	0.105177104721692
5919	0.0997723258351477
5920	0.111599891539789
5921	0.0948758834591581
5922	0.0541175299377674
5923	0.0428629506369253
5924	0.050958904759123
5925	0.0491470370332704
5926	0.0328458334072033
5927	0.00407695378601864
5928	-0.0125431136250267
5929	-0.00512422259161346
5930	0.00360690472492289
5931	-0.00795723299017705
5932	-0.0287092638618938
5933	-0.0306288978027441
5934	-0.00192697729636139
5935	0.012723065960593
5936	2.32651292394991e-05
5937	0.00292690490263647
5938	0.0121323118304698
5939	-0.00034993495413848
5940	-0.0088596939187829
5941	-0.00952873192152149
5942	-0.00975838250376412
5943	-0.00437474102340286
5944	-0.00479276461742316
5945	0.000786310902397046
5946	0.000874461320571637
5947	-0.0244220140593707
5948	-0.0582441705911167
5949	-0.0974766610133443
5950	-0.125420616180677
5951	-0.132979495637556
5952	-0.145116735336041
5953	-0.152174516895344
5954	-0.128118223140731
5955	-0.0786681306234864
5956	-0.0476811267307535
5957	-0.0562489729031333
5958	-0.0671082082718527
5959	-0.0376322092873833
5960	0.00318101507807872
5961	-0.00777586511098128
5962	-0.0266295053787731
5963	0.0307996512678192
5964	0.107079853537679
5965	0.135896012143378
5966	0.152044599388368
5967	0.163504261235134
5968	0.147442668384826
5969	0.12793138299058
5970	0.112271873425376
5971	0.0851215942400616
5972	0.0715932894307475
5973	0.0725482421162524
5974	0.0579710256149101
5975	0.0448991606607428
5976	0.0374846335230961
5977	0.0160856365290829
5978	-0.0026115157672585
5979	-0.0135672493832479
5980	-0.0199240573573347
5981	-0.0174739029402005
5982	-0.0138133536337889
5983	-0.0123910639046161
5984	-0.0196397302231315
5985	-0.0161934622094608
5986	-0.0119015668340922
5987	-0.028266065394961
5988	-0.0382563407513652
5989	-0.0366740656631676
5990	-0.0429470632544439
5991	-0.0411156677574456
5992	-0.0214741961562201
5993	-0.0133219165586977
5994	-0.0144260827615298
5995	-0.0112156265356693
5996	-0.00969393359741783
5997	-0.0190288967540464
5998	-0.0466004350334834
5999	-0.0813512689460527
6000	-0.101176435103071
6001	-0.117464244779354
6002	-0.129149802639644
6003	-0.127619619525064
6004	-0.115322390675467
6005	-0.0777687218771648
6006	-0.040515290436246
6007	-0.0355337897037515
6008	-0.0381891435111769
6009	-0.028586300308248
6010	-0.0128137669158591
6011	0.00446547783470947
6012	0.00134882644846119
6013	0.0178705733580911
6014	0.0776506808919503
6015	0.120673681190731
6016	0.135048599131585
6017	0.158753054734224
6018	0.163157572430812
6019	0.138904553104907
6020	0.114204471589471
6021	0.0827754695587962
6022	0.0698358101000277
6023	0.0715369639967529
6024	0.0561709629833356
6025	0.0430779675968854
6026	0.0470832569410866
6027	0.0410021713913837
6028	0.0228567643238531
6029	-0.00566928462121625
6030	-0.029396154998657
6031	-0.0252545339124611
6032	-0.00231679746017495
6033	0.00866066176995852
6034	-0.00308940935616833
6035	-0.00407816844205201
6036	0.0175414061575205
6037	0.0169581443698525
6038	-0.0234405518058615
6039	-0.058430168867519
6040	-0.0589590274873358
6041	-0.0462080179609721
6042	-0.0292740696119321
6043	-0.0121899959591885
6044	-0.0100262540747215
6045	-0.00522130002543318
6046	0.00207792485988936
6047	-0.0026682860341089
6048	-0.0317806431000843
6049	-0.0789540401383414
6050	-0.114547539142029
6051	-0.120418841749483
6052	-0.118897354892177
6053	-0.11849488485733
6054	-0.113806319390814
6055	-0.0926841914398194
6056	-0.0712522918048822
6057	-0.0644579111951114
6058	-0.0564305001714772
6059	-0.0459786510896659
6060	-0.0358899334781263
6061	-0.00907193353117448
6062	0.0148359603536776
6063	0.018538700717066
6064	0.037224845324157
6065	0.0759698815386568
6066	0.102793231645985
6067	0.119801802760345
6068	0.139547481426669
6069	0.139304906285693
6070	0.110994513934034
6071	0.0781011412103276
6072	0.0610549715846165
6073	0.0510524732862653
6074	0.0400258953332341
6075	0.0260874334997758
6076	0.0179819840974358
6077	0.0239224742326274
6078	0.0211104154316695
6079	0.00534548981489969
6080	-0.0166106567769075
6081	-0.0386812940097037
6082	-0.0344979637621932
6083	0.00636176779144092
6084	0.0197169868944895
6085	0.0126065585614387
6086	0.0197188409535802
6087	0.0313188644036992
6088	0.0256846702911927
6089	0.00453869866864711
6090	-0.0192888510451391
6091	-0.0223985533883317
6092	-0.0058935119966151
6093	0.020510613798622
6094	0.0398232278983002
6095	0.0470328618599807
6096	0.0494655384990555
6097	0.0512441518614085
6098	0.0340165335140358
6099	0.000574639009156906
6100	-0.0510213790212407
6101	-0.0980795338996196
6102	-0.105219977677171
6103	-0.0966594906205115
6104	-0.102848228185269
6105	-0.0960401848680565
6106	-0.0781474513179046
6107	-0.0806758508255545
6108	-0.0858071864326823
6109	-0.0867649982199013
6110	-0.0798603001407561
6111	-0.0565034994516091
6112	-0.0282323224096436
6113	-0.0165651010097855
6114	0.000511195373578534
6115	0.0311833296078157
6116	0.0592791379430591
6117	0.0781283851494369
6118	0.0900781000835999
6119	0.0922709648260513
6120	0.0817476009419792
6121	0.0598525934252976
6122	0.0395174229642723
6123	0.0341039397835765
6124	0.0250353587663567
6125	0.000296097771557344
6126	-0.0235715748017488
6127	-0.0214515505829867
6128	-0.0172747845026187
6129	-0.0387724258896311
6130	-0.0648165079353798
6131	-0.0645594770787856
6132	-0.0556558931781628
6133	-0.0466502956725883
6134	-0.032291230276768
6135	-0.0197854628029689
6136	-0.00295430421271633
6137	0.0229119333303693
6138	0.0367788458679458
6139	0.0322607400325046
6140	0.0193950413524301
6141	0.0210806455912218
6142	0.0385859223014721
6143	0.0590044970779184
6144	0.0729078032645147
6145	0.0886011039513002
6146	0.110864452559191
6147	0.126925939766037
6148	0.122512748685039
6149	0.100832284530156
6150	0.0646518992844686
6151	0.015633320422694
6152	-0.0127468385278726
6153	-0.0225846443393344
6154	-0.0369158311584238
6155	-0.0456805431838636
6156	-0.0375387964555046
6157	-0.0344789781263425
6158	-0.0468027314606997
6159	-0.0686772071598321
6160	-0.0770156535071263
6161	-0.0671930749578529
6162	-0.0590237256579812
6163	-0.0529292991325822
6164	-0.0325169081690348
6165	-0.00800633211944822
6166	0.00742126115796307
6167	0.0191810595527999
6168	0.0327742101512109
6169	0.0398687094051526
6170	0.0331837947137745
6171	0.020770370265389
6172	0.0107641954638248
6173	0.000955100648018067
6174	-0.00348944190285295
6175	-0.00434750368213031
6176	-0.0304223968010618
6177	-0.0649887925219403
6178	-0.0714133979733301
6179	-0.0788718030863088
6180	-0.0980585643181009
6181	-0.102145582652433
6182	-0.0987775925859985
6183	-0.100722402861337
6184	-0.0972292481522022
6185	-0.0828452029071206
6186	-0.0632864736967261
6187	-0.048891378326567
6188	-0.0336321110312462
6189	-0.0133840187421629
6190	0.00114320951040934
6191	0.00527641863155831
6192	0.0147162800577322
6193	0.0337310374214945
6194	0.0556059138651196
6195	0.0778690926784333
6196	0.105882725968427
6197	0.131146467110525
6198	0.143956117462413
6199	0.142741730172547
6200	0.135441591439838
6201	0.113533453921455
6202	0.0758804148555842
6203	0.0505312161249158
6204	0.0420036514975977
6205	0.0310298938285825
6206	0.0289458364735726
6207	0.0390744287919251
6208	0.030796517066576
6209	0.00263874754175438
6210	-0.0155430790715812
6211	-0.0165355926688341
6212	-0.0173258453308218
6213	-0.00749104564097808
6214	0.00802957840596306
6215	0.0227302283859376
6216	0.0408243645188507
6217	0.0511283439361549
6218	0.0518945451496377
6219	0.0543761387279299
6220	0.0380787918143038
6221	0.0111189229619487
6222	0.0148693789964944
6223	0.0264196966117022
6224	0.0121569234932525
6225	-0.00501515647480747
6226	-0.0206896378110063
6227	-0.0499320158789364
6228	-0.074124191343991
6229	-0.0910508576712112
6230	-0.112447457945613
6231	-0.13004011303623
6232	-0.131652973660014
6233	-0.128275885979751
6234	-0.132233702693159
6235	-0.137622448730735
6236	-0.135610593106324
6237	-0.116344680116864
6238	-0.0939840877154553
6239	-0.0831638637658678
6240	-0.0785331502864329
6241	-0.0715090500806146
6242	-0.061036189319277
6243	-0.0403592591901391
6244	-0.019423797958283
6245	-0.00410309329533965
6246	0.0199889278865596
6247	0.0551599449062391
6248	0.0835102399164753
6249	0.0982822920303985
6250	0.101807421717754
6251	0.100815218816401
6252	0.0900848744992713
6253	0.0714435735578308
6254	0.0615404535020708
6255	0.0638290847326296
6256	0.0570297272174034
6257	0.056867466245596
6258	0.0705747479486238
6259	0.0655052112844472
6260	0.033529849183283
6261	0.00942739848623251
6262	0.0134288818618484
6263	0.0299966695725792
6264	0.0461740751990071
6265	0.0566913732146006
6266	0.0690513832400847
6267	0.0843826546640888
6268	0.0941185074701307
6269	0.0993839292965324
6270	0.0956648775828981
6271	0.0726235361539911
6272	0.0622970763843217
6273	0.078138753946779
6274	0.0877495562354932
6275	0.0755986858921194
6276	0.0558912134123193
6277	0.0330709973488352
6278	0.00884990928866658
6279	-0.0172257389911148
6280	-0.0419739276356156
6281	-0.0663946494422695
6282	-0.084436085537572
6283	-0.0902809738754068
6284	-0.0925495837013431
6285	-0.106243606388982
6286	-0.131095869661825
6287	-0.144507551575208
6288	-0.134208946748285
6289	-0.122946343252907
6290	-0.123360966407681
6291	-0.123412164694794
6292	-0.12406798164668
6293	-0.118001619472762
6294	-0.100974756747741
6295	-0.0855794420650254
6296	-0.0770903514698694
6297	-0.0586658836948505
6298	-0.0312526446446774
6299	-0.00213819584339714
6300	0.016307981790723
6301	0.0181436674148549
6302	0.0209970170139463
6303	0.0256717272822547
6304	0.0201144265228364
6305	0.0177838720024752
6306	0.0219625472576061
6307	0.0214332600869455
6308	0.0324062843562253
6309	0.0511040135902014
6310	0.0384428922836444
6311	-0.000714909590498098
6312	-0.0152509709500787
6313	0.00514920488177991
6314	0.0263573074243841
6315	0.0323079412612642
6316	0.0404737964310976
6317	0.0590946312044662
6318	0.0784475849978999
6319	0.0860617670673847
6320	0.0851290700093481
6321	0.0731603917615816
6322	0.0598707388582438
6323	0.064224464126921
6324	0.0858584488787494
6325	0.0986652843487388
6326	0.0945857527037238
6327	0.0868822019098438
6328	0.0777990927721966
6329	0.0599830664313784
6330	0.0407010011385638
6331	0.0216260222340494
6332	0.00781739222814345
6333	0.0108116862493133
6334	0.0196300724164
6335	0.0116929084987234
6336	-0.00924927780086738
6337	-0.0268046544076698
6338	-0.0343704294092713
6339	-0.0371087454756633
6340	-0.0427146006902521
6341	-0.0510518596592425
6342	-0.0563527369279835
6343	-0.0619408756060388
6344	-0.0689669408642973
6345	-0.0702730540763341
6346	-0.0703751156556507
6347	-0.0736549270337095
6348	-0.0718459252692756
6349	-0.0618237001847459
6350	-0.0496319860630887
6351	-0.044249665019525
6352	-0.0458280874844588
6353	-0.0402223435543359
6354	-0.0275887252389233
6355	-0.025229136191748
6356	-0.0286432565277531
6357	-0.0261931322939128
6358	-0.0169703170647141
6359	-0.000756068486551873
6360	0.00671547617478083
6361	-0.0114046914656035
6362	-0.0322827399741734
6363	-0.0271184972589529
6364	-0.00681346129672501
6365	0.00566867743428066
6366	0.00875630478782679
6367	0.0155911888012708
6368	0.0282853097624678
6369	0.0347111784003796
6370	0.0337864949628667
6371	0.0325206816923784
6372	0.0231781976536001
6373	0.00877544248024687
6374	0.0128008555549141
6375	0.0325598181200146
6376	0.0391382641330404
6377	0.0327551928623629
6378	0.0267243770243964
6379	0.0238853836309174
6380	0.0183269770682319
6381	0.0145826629233346
6382	0.00740405060761351
6383	0.00151280385569289
6384	0.0133616051445868
6385	0.0336890519669773
6386	0.0423917987068902
6387	0.0335824615062398
6388	0.0238891500200384
6389	0.0230081414928394
6390	0.0284267546651323
6391	0.0319889282275843
6392	0.0282687711336276
6393	0.0177202847466451
6394	0.0110771717436441
6395	0.0119146511356763
6396	0.0126073046428827
6397	0.00105850600777252
6398	-0.0157528532461287
6399	-0.0210441928445281
6400	-0.0152598416627009
6401	-0.0121856247624565
6402	-0.0209654632721834
6403	-0.0373809727249637
6404	-0.037507180508521
6405	-0.0238592149631345
6406	-0.0176403653305561
6407	-0.0207886436547242
6408	-0.0219212416852074
6409	-0.0204450353042782
6410	-0.0105373072665622
6411	-0.00752082778907182
6412	-0.0202142772557983
6413	-0.0302829686609235
6414	-0.0221409266295287
6415	-0.00823148347550277
6416	0.00489726357124712
6417	0.0135958994749675
6418	0.017105064741258
6419	0.0155642053176973
6420	0.0120433130311387
6421	0.00883339859626434
6422	0.00467999854551511
6423	-0.00374663957730583
6424	-0.0107084436901627
6425	-0.00831077802490094
6426	8.48401397900156e-05
6427	-0.000305361677576492
6428	-0.0100697574619667
6429	-0.0190152867561017
6430	-0.0229262437811658
6431	-0.02730735068475
6432	-0.0287435770727657
6433	-0.02947376891159
6434	-0.0312277075010268
6435	-0.0239917266672222
6436	-0.00884825927777278
6437	-0.00233369399365251
6438	-0.00708894862893146
6439	-0.0124326583906712
6440	-0.00923455515570313
6441	-0.0019893655424632
6442	0.00647583176720876
6443	0.0119844139006966
6444	0.010967845295027
6445	0.00983873881532655
6446	0.0136533969110876
6447	0.0168961789880592
6448	0.0135244088549766
6449	0.00849346807890338
6450	0.00759843050010715
6451	0.011491601973192
6452	0.0164502931297075
6453	0.0135510213845555
6454	0.00200369589878215
6455	0.000127044093586147
6456	0.00777909018532155
6457	0.0120814725922329
6458	0.0119404489319871
6459	0.0126251045442216
6460	0.0159979880112107
6461	0.0172104390204369
6462	0.0107283058582404
6463	0.00283551139686917
6464	0.000554025990622718
6465	0.00732814963201547
6466	0.0148789382510677
6467	0.0226562902846269
6468	0.0312565787596781
6469	0.034990275979563
6470	0.0331423523007612
6471	0.0321829015768497
6472	0.0305035639847915
6473	0.0232786963667463
6474	0.0141613403523215
6475	0.0071197791852848
6476	0.00825528767511506
6477	0.0114941630891947
6478	0.00635931394968571
6479	-0.00437801032394495
6480	-0.0122141780092905
6481	-0.0212399926511002
6482	-0.0318690093240167
6483	-0.0372557171969226
6484	-0.0391951452212886
6485	-0.039773827089359
6486	-0.0373888254009622
6487	-0.0313267519618828
6488	-0.0289390285953061
6489	-0.0318079677560243
6490	-0.0339400973876511
6491	-0.0316366298084281
6492	-0.0275851985955142
6493	-0.0216109896070763
6494	-0.0165225751003055
6495	-0.0141911665569759
6496	-0.012223816035425
6497	-0.00645641900790557
6498	-0.0023863889292969
6499	-0.00189087046064428
6500	-0.0025411089613554
6501	0.000391727797454307
6502	0.0053736584512425
6503	0.00877393261551085
6504	0.00748824485419382
6505	0.00343385189236037
6506	0.00436924630276565
6507	0.0113050162843193
6508	0.0147046923942825
6509	0.0148628966516439
6510	0.0162346773815878
6511	0.0160659609692053
6512	0.0117171687855152
6513	0.0052608827987915
6514	0.00109608106828484
6515	-0.000222599655528927
6516	0.00548247582688853
6517	0.0113543916144219
6518	0.017223202012548
6519	0.0234428490329544
6520	0.0268477331132832
6521	0.0244361049414011
6522	0.0242178980838338
6523	0.0243130757610307
6524	0.0211976687419722
6525	0.0155038058052797
6526	0.0129881933569012
6527	0.0162921706167889
6528	0.0195911661921727
6529	0.0148902572301575
6530	0.00582481885237558
6531	-0.00190727638610324
6532	-0.00763149071599191
6533	-0.0118004079177058
6534	-0.0167784438449515
6535	-0.0211110451821845
6536	-0.0200818227202006
6537	-0.0154910556267457
6538	-0.0149528195382138
6539	-0.0183548793635013
6540	-0.0225244161183056
6541	-0.0234655525110577
6542	-0.0209435593952776
6543	-0.0185109910293352
6544	-0.0178662966325441
6545	-0.0166192626600111
6546	-0.0149302474505626
6547	-0.0130410935702967
6548	-0.0106384147856054
6549	-0.00801724500772188
6550	-0.00654561334157892
6551	-0.00533405015262203
6552	-0.00190970318325272
6553	0.00311808428572464
6554	0.00827639333603821
6555	0.00892927843028218
6556	0.00763361392387314
6557	0.0100336213719027
6558	0.0156184959823559
6559	0.0190512653614974
6560	0.02104342418021
6561	0.0223966245218597
6562	0.0215420908498034
6563	0.0154962238874373
6564	0.00736634902735297
6565	-3.50568922497779e-05
6566	-0.0025232207398328
6567	-0.000359643180433376
6568	0.00163851055309614
6569	0.00174751801136086
6570	0.00174224107853239
6571	0.000403875638210277
6572	-0.00115654060020952
6573	-0.00300668778240105
6574	-0.00257106240360316
6575	-0.00235549178416913
6576	-0.000756657399265613
6577	0.00259841577785153
6578	0.00670077689653589
6579	0.0101315138357009
6580	0.010139729151523
6581	0.0078301233576386
6582	0.00401674019644212
6583	0.0021504132619627
6584	0.000583942443619736
6585	0.000738393780904389
6586	0.000524077403638313
6587	-0.000463786666357071
6588	-0.00272429187947197
6589	-0.00739942330989078
6590	-0.0109718668717136
6591	-0.0129075524215683
6592	-0.0148563887844259
6593	-0.0163888863789206
6594	-0.0146214372379052
6595	-0.0114397362980062
6596	-0.00865882675233418
6597	-0.00789362326628015
6598	-0.00705818536229386
6599	-0.00535175731119458
6600	-0.00340295710323031
6601	-0.00259519693675189
6602	-0.000217085497090877
6603	0.00338180815737849
6604	0.00710113368325143
6605	0.00899882297297623
6606	0.00815420860377255
6607	0.00713516864070666
6608	0.00902724607522438
6609	0.0112359001262707
6610	0.0125619886473886
6611	0.0143218903557675
6612	0.0144062487836125
6613	0.00903370457724299
6614	0.00191282800548945
6615	-0.000304984817869197
6616	-0.000445088749076346
6617	-0.0033449035048456
6618	-0.00376949662437838
6619	-0.00319148758612324
6620	-0.003687162531461
6621	-0.00331800010142036
6622	-0.00397343651269661
6623	-0.00758468720455394
6624	-0.00818103639214458
6625	-0.00654222758039436
6626	-0.00464832889095257
6627	-0.00456542946896382
6628	-0.00367531405340443
6629	-0.00152258747183271
6630	0.00100750560001322
6631	0.00133931504626564
6632	0.00107840462777273
6633	0.00130336454096409
6634	0.000497904552226053
6635	0.000187311078412069
6636	0.00160979924602826
6637	0.00234710659769666
6638	-0.000365797134309714
6639	-0.00421443116547311
6640	-0.00503642569319913
6641	-0.00372288893391266
6642	-0.00491675820975273
6643	-0.00845053001880458
6644	-0.00979922849265996
6645	-0.00909016181665083
6646	-0.00907916582764833
6647	-0.00891284217256814
6648	-0.00786457001230746
6649	-0.00649901168844483
6650	-0.00439967627478617
6651	-0.00154675585800754
6652	0.000778552884983544
6653	0.00316676618950513
6654	0.00462066333079145
6655	0.00482113295038327
6656	-0.00219376872022231
6657	-0.000483246282694341
6658	0.025211273505259
6659	0.0311688406974553
6660	0.00977986712151137
6661	0.00495195927277273
6662	0.0204914555312835
6663	0.0212194444908493
6664	0.00254199629913589
6665	-0.0103766430930806
6666	-0.0123416590430448
6667	-0.00540154028566518
6668	0.00127037647135164
6669	-0.00426444344595142
6670	-0.0229380856472727
6671	-0.023245721601757
6672	0.00127433416077828
6673	0.00632613279464554
6674	-0.0119107321104868
6675	-0.0178585904140735
6676	-0.00408027176760338
6677	0.00409524100241145
6678	-0.00745783572782617
6679	-0.0167562653082443
6680	0.000825963771221253
6681	0.0214970671804197
6682	0.0165612856841534
6683	-0.000318093680778585
6684	0.00446726036555075
6685	0.0139628883834547
6686	0.008804347283996
6687	0.00462067376512165
6688	-0.00165501852705383
6689	-0.00401651457679304
6690	0.00507394967918398
6691	0.00494596848230495
6692	-0.0149690527037658
6693	-0.0261735593308533
6694	-0.00497009394305711
6695	0.0090210748704712
6696	-0.00169116241635228
6697	-0.00991235519140317
6698	-0.00281870941461458
6699	-0.00163400928783459
6700	-0.00352031734231532
6701	-0.00905339559221209
6702	-0.0129766744801164
6703	0.000234303369385229
6704	0.0118686998889459
6705	0.0077298037288172
6706	0.00629180311604756
6707	0.00650883073210857
6708	-0.00240897453795292
6709	0.000425143171188767
6710	0.0198801672745511
6711	0.0281328124833641
6712	0.0176553232303957
6713	0.012285315743825
6714	0.00165788176887778
6715	-0.0105137753646062
6716	-0.00320761535964654
6717	0.0109851550909651
6718	0.0140233635708187
6719	0.000775934760150331
6720	-0.00468545898571079
6721	-0.00690557813428579
6722	-0.00412191869908139
6723	-0.00399592962339177
6724	-0.00897954625746438
6725	-0.00400305579659017
6726	-0.005676059954216
6727	-0.0039757540196768
6728	-0.00924033138997335
6729	-0.0113368473963785
6730	-0.015088078379679
6731	-0.0201793960221536
6732	-0.00654885469597183
6733	0.023118298695729
6734	0.0185442409084216
6735	-0.009206777953878
6736	-0.0144907855510259
6737	-0.00356475130693823
6738	0.00707974592152405
6739	0.0117211908629946
6740	0.0167109020066244
6741	0.00665433320652693
6742	-0.0171219829514711
6743	-0.00647891731433748
6744	0.0174651390351284
6745	-3.97463478202438e-05
6746	-0.021768154200283
6747	0.00075730124242739
6748	0.0121866796460882
6749	0.00723418900211414
6750	-0.00797780698246764
6751	-0.0197314227788496
6752	-0.0146560534921682
6753	-0.0114680529077386
6754	-0.00987082818800236
6755	0.00192377550043337
6756	0.00351506815315207
6757	-0.00855850749897892
6758	0.00232959764049323
6759	0.0119497840980216
6760	0.0158626805812742
6761	0.00423991083224
6762	0.00706431031711047
6763	0.0271963547104161
6764	0.0152138030755252
6765	0.000695187488303195
6766	0.00865597228230307
6767	0.00339256808662139
6768	-0.00595959303872582
6769	-0.00130937622632177
6770	0.00989609884496857
6771	0.00286039634865409
6772	-0.00459336830159043
6773	0.00479862530696275
6774	0.00392433719890936
6775	-0.00989599735927212
6776	-0.016479186220164
6777	0.0054229530025031
6778	0.0101606103624587
6779	-0.0152362554290788
6780	-0.00787912883584866
6781	0.00103894247834622
6782	0.0107652409169541
6783	0.00806035392352168
6784	-0.00156703396394843
6785	-0.00634760080901002
6786	0.00152722476433362
6787	-0.00544200482195478
6788	0.0108705478660654
6789	0.0216599174038171
6790	-0.00423360575839183
6791	-0.0195324656242099
6792	0.00448363189895676
6793	0.0218650449754522
6794	-0.0111569602995978
6795	-0.0265922605341983
6796	-0.00025686263218052
6797	0.012072428835228
6798	0.00546819861202528
6799	-0.0175157523893721
6800	-0.0283181709083663
6801	-0.0176973436947003
6802	0.0175645575451978
6803	0.0127452774371906
6804	-0.0191572841048219
6805	-0.012950851930348
6806	0.0185632904176991
6807	0.0120827546403685
6808	-0.0150757639351144
6809	-0.0185376750466766
6810	0.000143601512957119
6811	0.0157931832094294
6812	0.0109029039179062
6813	-0.00949408482802548
6814	-0.0220034175384312
6815	0.0171295843318308
6816	0.0180400712078528
6817	-0.0172648932176241
6818	-0.00842518954727003
6819	0.00774721745053268
6820	0.0280865339905836
6821	-0.0010117886534594
6822	-0.0169334284148398
6823	-0.00496504429289459
6824	-0.000348066580870467
6825	0.0059911564843803
6826	0.0258760771742419
6827	-0.0112401692105426
6828	-0.0078200107571459
6829	0.0190233700737506
6830	0.00166262659402999
6831	-0.0213753089482899
6832	0.00270540271413727
6833	0.0107692915623966
6834	-0.00678927394099381
6835	0.00381594989205936
6836	0.00107456839476346
6837	-0.00117701359119716
6838	0.00939388337312696
6839	-0.014385138872897
6840	0.00278419237289377
6841	0.020936444197048
6842	0.00567275558366495
6843	-0.00088289454160773
6844	-0.00756300855434029
6845	0.00436134826118508
6846	-0.00895792651956706
6847	-0.00989572659814882
6848	0.00962085958988617
6849	-0.00323991646591038
6850	-0.0159098899165754
6851	-0.00771212762868996
6852	-0.00614221208290355
6853	-0.00327207823156913
6854	0.00173986996342762
6855	0.0100980511107674
6856	-0.0169790915421864
6857	-0.0260484751100766
6858	-0.00454265773751379
6859	0.00558928567287836
6860	0.0108191375369374
6861	-0.00893072336528428
6862	-0.0179256419124201
6863	0.010385149108883
6864	-0.00662657394051556
6865	-0.00597086416163116
6866	0.0122473942715457
6867	0.0161957285717274
6868	0.00276769036161905
6869	0.00867600323612774
6870	-0.00650956820931288
6871	0.0140393185455438
6872	0.0130998329777396
6873	-0.00394331138943229
6874	0.00449725001881154
6875	0.00445498870429413
6876	-0.00933234317399935
6877	-0.00104201327002988
6878	0.0122487467751294
6879	0.00898817208935433
6880	-0.00512882140775142
6881	0.00429096466985332
6882	0.00825809480475188
6883	0.0135899728337009
6884	0.011501873270424
6885	0.00641997510273623
6886	-0.0163483256277896
6887	-0.0144159672030378
6888	0.0154697526679652
6889	0.00769716566198943
6890	-0.0159228224568197
6891	-0.00383261567918523
6892	0.0155220228743816
6893	0.0102560753419593
6894	-0.00595876524002369
6895	-0.00959474082065207
6896	0.00151375373912657
6897	-0.00753903470318275
6898	-0.0149747625140398
6899	-0.00292481315921722
6900	0.00457881598594858
6901	-0.00726691485624877
6902	-0.024591095839886
6903	0.0129280599999477
6904	-0.00117822136001093
6905	-0.0380483715040832
6906	-0.0114794543716898
6907	0.0248768234413046
6908	0.0169333049310454
6909	-0.0112784918242108
6910	-0.0330626899062519
6911	0.00484382895276465
6912	0.0183271194023141
6913	-0.00667221161392205
6914	0.0113415256131853
6915	0.00794717395895923
6916	0.0146727281780538
6917	-0.00410073425752268
6918	0.0100915153715245
6919	0.0011432867234037
6920	0.000379065582494125
6921	0.0169911442029544
6922	0.00163464870907592
6923	0.00761721578359572
6924	0.0177440234307431
6925	-0.00209065763937158
6926	0.00722678932010505
6927	0.0033209092179979
6928	0.0126778950633872
6929	0.0124639758510536
6930	0.00203158068398318
6931	0.00101939613831543
6932	0.0170421421370351
6933	0.0135444360795184
6934	-0.0107429916530618
6935	-0.00158192981701657
6936	0.012581372900799
6937	0.012094957973434
6938	-0.016051328938706
6939	-0.0173692693775681
6940	0.0060032064972733
6941	0.0170600900281832
6942	0.00620039238854072
6943	-0.0244994286110183
6944	-0.0227470879622505
6945	0.00769009390406942
6946	0.0164597765127674
6947	-0.038053295224105
6948	0.00427816743317954
6949	0.012772273212935
6950	-0.028515047653807
6951	-0.00755588135330747
6952	0.0101526840599541
6953	-0.0160097066179168
6954	-0.0211450845741598
6955	-0.0150252506095958
6956	0.00730827820815817
6957	0.00473210784979416
6958	-0.0110750088878887
6959	-0.0150815176778962
6960	-0.00533093587250977
6961	-0.011140855546919
6962	-0.0164223337649475
6963	0.00908909677072835
6964	0.010725118928976
6965	0.00337040063311571
6966	-0.0170521719375068
6967	0.000365478723881835
6968	0.0318034934576972
6969	-0.00942601127514662
6970	-0.00362078244270162
6971	0.0283897409878127
6972	0.00444744473142615
6973	0.000613641998939625
6974	0.0225507589189149
6975	0.0280802318993623
6976	-0.0182465382619511
6977	-0.00160577850824482
6978	0.0133434216672429
6979	0.00641287574632012
6980	0.00605856821857798
6981	0.0154514637456234
6982	-0.0168566231147062
6983	-0.012852707862849
6984	0.0257772133276901
6985	0.0030219026833396
6986	0.00486971099788052
6987	-0.0114630194698891
6988	-0.00546299090953484
6989	0.0185240881018444
6990	0.00415407789995498
6991	0.00640834182813694
6992	-0.00732341567743883
6993	-0.00086798552598302
6994	0.0066433528972219
6995	-0.00479701436434087
6996	-0.0086833118629817
6997	0.0339767639817223
6998	0.0229101535349438
6999	-0.0257055390424587
7000	0.000722796753984518
7001	0.00966975078797651
7002	-0.00510902652841245
7003	-0.0108710796645953
7004	-0.00204316415024028
7005	0.00449189111970258
7006	-0.017693488374568
7007	-0.0169146196338977
7008	0.0105921032655803
7009	-0.00294982861549035
7010	-0.0369884674364469
7011	-0.00707812703963625
7012	0.00592785661834649
7013	0.0144317572647349
7014	0.0109103296655865
7015	-0.0230474253731979
7016	-0.0171835958797358
7017	-0.0066475426020441
7018	-0.0120507382445853
7019	0.00176246240279163
7020	0.00755082897110372
7021	-0.00965362138547554
7022	-0.00482180314909928
7023	0.0136129838994203
7024	-0.00473905560021576
7025	-0.0270843159864819
7026	0.00972688594160007
7027	0.0072281331760359
7028	-0.0140173009882644
7029	-0.0133277360135368
7030	0.00868604229108574
7031	0.0053758461314964
7032	-0.0341280640090669
7033	-0.00668225219386511
7034	0.0330015043794214
7035	0.00440343587559624
7036	-0.0215502242789463
7037	-0.000480410979747076
7038	0.026550304860272
7039	-0.0160490677136413
7040	-0.0151501498839756
7041	0.00410321162119257
7042	-0.00728224199822129
7043	0.000155085202953406
7044	0.0064669318702774
7045	-0.00677819396984975
7046	0.0077746038608995
7047	0.0145826475919904
7048	-0.0161587333269356
7049	0.0098511584838957
7050	0.0229469166769013
7051	-0.00645152865164724
7052	-0.00339324881254528
7053	0.0179678216880045
7054	0.00279380794980438
7055	-0.013603045711151
7056	0.031490173823647
7057	0.0125018557691247
7058	-0.0228683655006103
7059	-0.00620536682540761
7060	0.0332452371205796
7061	-0.00368025224239853
7062	-0.00512237975694635
7063	0.0297143084793056
7064	0.00111136307274244
7065	-0.0213090882937535
7066	3.1396051099353e-05
7067	0.00251801227562549
7068	-0.00427228702891705
7069	0.00082357270437604
7070	-0.00205529312048883
7071	0.00668103481670367
7072	-0.000913676148011529
7073	0.00259456564687349
7074	0.00239366223362929
7075	0.00434662161288846
7076	0.000188893487723087
7077	-0.00709738024565214
7078	-0.0114881233317911
7079	0.00585330863121601
7080	-0.00544023398552539
7081	-0.0132814707279748
7082	-0.00403064017041141
7083	-0.00233570725245466
7084	-0.00714007562266078
7085	0.00181599042279008
7086	0.00741325674276467
7087	-0.00552179700555563
7088	-0.0181353309271853
7089	-0.000679660926051033
7090	-0.00145730985502111
7091	-0.00924440879941252
7092	-0.0135013555634267
7093	-0.00999119578276909
7094	-0.00263969693162819
7095	-0.0064389863501157
7096	-0.0102854992488157
7097	-0.0106116417298357
7098	0.0122884193752564
7099	0.0169911189788378
7100	-0.022998573633697
7101	-0.0199412971812364
7102	0.00966545270934484
7103	0.0189647434494066
7104	0.00246332593668525
7105	-0.00416217534943616
7106	-0.00124104742571182
7107	-0.0111358912841867
7108	-0.00984483453182996
7109	0.0192397018031237
7110	0.00246465157008627
7111	0.00737007946946282
7112	0.00942624006716886
7113	0.005965609895064
7114	0.000108952256052607
7115	0.0088811944013868
7116	-0.0092591931065693
7117	0.00801217321044273
7118	0.0114207112368208
7119	0.0195327337900581
7120	0.012592348732346
7121	-0.00472227224919556
7122	-0.0053513793853423
7123	0.0115522851569977
7124	0.0110051434114309
7125	-0.00106958879278573
7126	0.00205238352965271
7127	0.00748783117567255
7128	0.014363905333198
7129	-0.0138541341051863
7130	-0.00392102986864006
7131	0.010483395539317
7132	0.00142996219667253
7133	-0.0189808480557288
7134	-0.00800130474819655
7135	0.01922055074985
7136	-0.010013514847372
7137	-0.0110660320644527
7138	0.00611793621673816
7139	0.0052219707251924
7140	-0.0177342208538572
7141	-0.0130753933372626
7142	0.00844369861030153
7143	0.00212621413784949
7144	-0.0101596205424739
7145	-0.0192386883080124
7146	-0.00703599116536322
7147	0.00119270811868409
7148	-0.00937039731701556
7149	-0.0304492893230167
7150	-0.00812332113064069
7151	0.0184752651248497
7152	-0.0110626935290142
7153	-0.00683874806019892
7154	-0.00875848722341106
7155	-0.0103846493785911
7156	-0.00459722025522381
7157	-0.00446343360373879
7158	0.00217742532308818
7159	-0.0140648676758942
7160	0.0238554031623826
7161	-0.00160856481037032
7162	-0.00304507527801254
7163	0.00893333969005559
7164	0.00745795321915613
7165	0.0119492262482254
7166	0.0176252833696299
7167	0.0098214766621187
7168	0.00907265183039025
7169	0.0231223554445843
7170	0.00122676629568096
7171	-0.00563918999786578
7172	0.000508612623585519
7173	0.00631310715567111
7174	0.00844802621743065
7175	0.0062571907257536
7176	0.0174171878305334
7177	0.00911338881704682
7178	-0.0168728381373397
7179	-0.00944485486159108
7180	0.0124449065697685
7181	0.00253179203306215
7182	0.00438189394355455
7183	0.0175064084918546
7184	0.00279881961398092
7185	-0.00795130730556616
7186	0.00308931417201306
7187	-0.0193478935004061
7188	0.0169862125600234
7189	0.0251186520881232
7190	-0.00312244959205478
7191	-0.00728029690034537
7192	-0.00535343121410809
7193	-0.00167548644306754
7194	-2.32803260361976e-05
7195	-0.00112135502615999
7196	0.00125427160571075
7197	-0.00540140613067556
7198	-0.00825701423105056
7199	0.00107106944121394
7200	0.0110925396904462
7201	-0.0273021720164711
7202	0.000618938149252381
7203	0.0274223939973038
7204	-0.013844066619265
7205	-0.00871096158124512
7206	0.00982316116320075
7207	0.012096854442224
7208	0.00276477299820936
7209	0.000986496060830113
7210	-0.0113137959315531
7211	0.0122062818867749
7212	0.000918981672137029
7213	-0.00859953643636276
7214	0.00449859565298353
7215	0.0218774880325003
7216	4.04036386119563e-05
7217	-0.0102362958801818
7218	0.0134132447102473
7219	-0.0123443388603529
7220	-0.0212209703191778
7221	0.0219215800802089
7222	0.0135066127477064
7223	8.64259080933885e-05
7224	0.00072812807797239
7225	0.0094780914946061
7226	-0.00671461476897983
7227	-0.0274325438383704
7228	0.0206922616881525
7229	0.0169640511905018
7230	-0.014910888723661
7231	0.00327438501990859
7232	0.00136319345190143
7233	-0.00280298147465728
7234	-0.0107780282126151
7235	0.00731292092981438
7236	-0.0124777282021315
7237	-0.00988517196111669
7238	0.00787415721158803
7239	0.0155700062075747
7240	-0.010433501049038
7241	-0.00747987689801097
7242	0.000584083237169309
7243	1.27649473526045e-05
7244	-0.0203345398539078
7245	0.0100907414771274
7246	0.0286310697861247
7247	-0.000143648410446587
7248	-0.0286651675082411
7249	-0.00209831032830854
7250	-0.00105677663699986
7251	0.0198556827929267
7252	-0.00699998038341739
7253	0.00508063178842846
7254	0.0210249488954316
7255	-0.0124178610769905
7256	-0.00975968208108785
7257	0.0117322474748148
7258	0.00166106585654201
7259	-0.0158772360465801
7260	0.000183399520569257
7261	0.0178927087717585
7262	0.00766234077312061
7263	-0.0029478971243077
7264	0.00566500921981696
7265	0.00496244285279779
7266	-0.00147977102610485
7267	-0.00266688416001726
7268	0.0235699596462864
7269	0.00540128437104104
7270	-0.0067130045400881
7271	0.00881829160149901
7272	0.00305380093671744
7273	0.00101556170324117
7274	0.0101305030774816
7275	0.00545031666084249
7276	-0.0139628994305369
7277	3.04817672738071e-05
7278	0.00950145091909883
7279	0.00544704796835453
7280	0.00194057785988101
7281	-0.00694079099068938
7282	-0.0152965336781188
7283	0.00659073091630324
7284	-0.00748719309512729
7285	-0.00921974853955796
7286	0.0110862362589652
7287	-0.00749048844367797
7288	-0.0053729366840414
7289	0.00191153205210834
7290	0.00045194041858076
7291	-0.00603798993377959
7292	-0.023891165525169
7293	0.00568893689224663
7294	0.0251685726808366
7295	-0.00392669524344633
7296	-0.00701168761303123
7297	0.00527896373276451
7298	-0.0126241753655205
7299	-0.0276720654786992
7300	0.0142157295887772
7301	0.0161524344737287
7302	-0.0126512227434122
7303	0.00380360463182536
7304	0.0106689645454812
7305	-0.0194642411499089
7306	-0.0196347136411663
7307	0.00331453248114222
7308	0.0184416545346221
7309	-0.00431030287986194
7310	-0.0119060428735142
7311	0.00199148141170605
7312	0.00823551224277814
7313	0.00159290956481001
7314	-0.00523548385123186
7315	-0.0142589372729828
7316	0.00154420783344744
7317	0.000879526030000373
7318	0.0116742777316837
7319	0.0151448802412143
7320	-0.0127340345281425
7321	-0.0277985992285918
7322	0.00285491199889038
7323	0.0088416077262206
7324	-0.00466352853643513
7325	0.0108555347347005
7326	0.0093653642032819
7327	-0.00628582787375722
7328	-0.0109153814820953
7329	0.00724154435044703
7330	0.0144455814868592
7331	-0.0141310346083629
7332	-0.0126233151442399
7333	0.0298310061577992
7334	0.0252149480562684
7335	-0.0284840296729154
7336	-0.00255576529837223
7337	0.0126183628527476
7338	-0.0140378583072296
7339	-0.00540669025806201
7340	0.0079214602152021
7341	0.00503018389960652
7342	-0.00465541205340003
7343	-0.0159567933776098
7344	-0.0259662307626562
7345	-0.00333662374999953
7346	0.00207101397744657
7347	-0.0111386929830973
7348	-0.0109931563898578
7349	-0.00624447260453494
7350	-0.0101690213169041
7351	0.00385599627293016
7352	0.00784146037051697
7353	-0.0137717639248505
7354	-0.0203722778883688
7355	0.00297667926245686
7356	0.0158476008328291
7357	-0.00869145410881385
7358	0.00962790475727503
7359	0.022785344966419
7360	-0.00103654721693934
7361	-0.0193141399214334
7362	-0.000876884707854907
7363	0.0137981853399245
7364	-8.79955974924981e-05
7365	0.00537542596076748
7366	0.018296571105965
7367	-0.00306712546860531
7368	0.000615821659733474
7369	-0.00393699225934767
7370	-0.0182280350770476
7371	0.0187645140697747
7372	0.00718216828232575
7373	-0.0216056639754331
7374	0.0242252559670594
7375	0.0192386261702828
7376	-0.011862250658164
7377	-0.00408999639609692
7378	-0.00207946852076776
7379	0.00936577273004312
7380	-0.00589157544696712
7381	0.00768968229526946
7382	0.0115780419239145
7383	0.0163540144336622
7384	-0.0139244330264257
7385	0.00444265271983103
7386	0.00384590481383786
7387	-0.00394490046958605
7388	0.00825779799748654
7389	0.00201067486020174
7390	-0.00297525416748498
7391	0.00288992995924206
7392	-0.00620465238375458
7393	-0.00822727806580998
7394	-0.00254080209056608
7395	-0.00572215388764999
7396	-0.000940743536866181
7397	-0.0137512110136952
7398	-0.00898161761484585
7399	0.00509097949451645
7400	-0.000878821005490746
7401	-0.0106076062730759
7402	-0.0279587521481997
7403	-0.00906116245816553
7404	0.0112042615842157
7405	-0.013825884941813
7406	-0.00472516373914381
7407	-0.00133023738817592
7408	-0.00851605067772954
7409	-0.0229716074142288
7410	-0.0109621879274561
7411	0.016609939824331
7412	0.00582491496215106
7413	-0.0125486340469539
7414	-0.00997880190072138
7415	-0.00158917398562297
7416	0.00214248502647341
7417	0.00168497263501546
7418	-0.00253520919991753
7419	0.00491688062478314
7420	0.0141518569242189
7421	-0.00135391365498211
7422	-0.022477069035247
7423	0.00898588757949543
7424	0.00681823979772663
7425	-0.0137123140408582
7426	0.0121990478673889
7427	0.00860029891410078
7428	0.00739253288883626
7429	0.000618098243938593
7430	-0.0116739401262442
7431	-0.00786046423733111
7432	0.0117152483867771
7433	0.0107476762850083
7434	0.0175034081552309
7435	0.0115347891704321
7436	0.00462253101985453
7437	0.0116386471983352
7438	-0.000607333737878742
7439	0.00409531769487366
7440	0.0153695622903433
7441	0.0115942501543018
7442	0.016312187549267
7443	0.0201145226572559
7444	0.00629588212841417
7445	0.00303786670090317
7446	-0.00507550277169792
7447	-0.00987916893245027
7448	0.0183600582867589
7449	0.00946941584249379
7450	0.00140566147343449
7451	-0.00201647378732038
7452	-0.0111533277508527
7453	-0.0107939499117061
7454	-0.00202484215840117
7455	-0.00482325421039827
7456	0.00350197364604935
7457	0.00568127002986996
7458	-0.00458877485851775
7459	-0.016298331641683
7460	-0.00329326008129946
7461	0.00630699267666962
7462	-0.0135144372641682
7463	-0.0109291981359002
7464	-0.00557825593693135
7465	0.00564373340070712
7466	-0.00562549510876385
7467	-0.0108965951321984
7468	-0.0078616531173336
7469	-0.0114231704165375
7470	-0.00833652096796014
7471	0.00387812602031399
7472	0.00398180871055281
7473	-0.010063437191061
7474	-0.0181852464820288
7475	-0.00257115251404293
7476	0.00136869726415323
7477	-0.00631435051345487
7478	-0.0151759081246206
7479	-0.00258904379375761
7480	0.00277149916136731
7481	-0.0149576291387732
7482	-0.00732752828837678
7483	0.00977516932140999
7484	-0.0186123189005382
7485	-0.0194964858141023
7486	0.00385967131070468
7487	0.00589952333570895
7488	-0.00326191432206162
7489	-0.00203640429545799
7490	0.00240764940270304
7491	0.00843515608259143
7492	0.00386944584048635
7493	0.00217930563042189
7494	0.0316466566658593
7495	0.00933519362965415
7496	-0.0165340924890438
7497	0.0253112326997855
7498	0.0434235681158212
7499	0.0191148390084653
7500	0.00202287207917951
7501	0.0134754947872184
7502	0.0274552544668972
7503	0.00348906709238545
7504	0.00307405715318265
7505	0.0291252973584294
7506	0.0208987683915192
7507	-0.00369644057014843
7508	-0.00309783361331487
7509	0.00622359629327103
7510	0.0148018888800506
7511	-0.0108343950565494
7512	0.000656463675713446
7513	-0.000797638366978881
7514	0.000252346808205215
7515	0.0151326087269266
7516	-0.000422418817085757
7517	-0.00408002889007689
7518	-9.63670308789331e-05
7519	-0.00197100507474945
7520	0.0033633935382367
7521	0.0118607963817454
7522	-0.00384934548212624
7523	-0.00450183753055014
7524	0.0115486900740771
7525	0.00073572598373874
7526	-0.0174710508721358
7527	-0.0005932244162757
7528	0.00311929960300278
7529	-0.0110822282994806
7530	-0.00376845848961021
7531	-0.0111085805268332
7532	-0.025471198218188
7533	-0.0278608228987387
7534	-0.00784356348055068
7535	-0.0128847965887679
7536	-0.0124629064941133
7537	-0.017889442493337
7538	-0.0238020607117398
7539	-0.0311748521568529
7540	-0.031201519704017
7541	-0.0122886851386422
7542	-0.0139817065248666
7543	-0.0193953007616242
7544	-0.0287427234444375
7545	-0.0187073820677385
7546	-0.00907923285058411
7547	-0.0184435519387198
7548	0.00504053931947565
7549	-0.000957878471750422
7550	0.000629126083413601
7551	-0.00246507079498979
7552	-0.00386732390747562
7553	0.0172262502310551
7554	0.0173628749875675
7555	0.00815821311492077
7556	0.0118944177143593
7557	0.0247663621541164
7558	0.016548846551428
7559	0.0147405646868032
7560	0.0109351073841647
7561	0.0125943444595629
7562	0.0183406879149255
7563	0.0287650720441675
7564	0.0336358631682556
7565	0.0153293433810633
7566	0.0137841183964351
7567	0.0060169786074214
7568	0.0141352071090262
7569	0.0135814808796103
7570	0.0320684832226826
7571	0.0430376653935109
7572	0.0119573675983266
7573	-0.000179099431917822
7574	0.0258168725364232
7575	0.0193650993920848
7576	0.00742511507102226
7577	0.0246822394587469
7578	0.032443170248903
7579	0.000427847533678501
7580	-0.000998210804310005
7581	0.0127957382904054
7582	0.0182231733520337
7583	0.0114222371269758
7584	-0.0123696485389954
7585	-0.00465382416786998
7586	0.00549421484153704
7587	-0.00695169619439573
7588	-0.0192021377825884
7589	-0.0265611475982204
7590	-0.0202334583609664
7591	-0.0246300550039538
7592	-0.0376991228758711
7593	-0.0369474207374319
7594	-0.0218369750614803
7595	-0.0338607421546345
7596	-0.0482053078465585
7597	-0.0424793035334059
7598	-0.0362936316506929
7599	-0.0435919298049438
7600	-0.0404385281456192
7601	-0.0423988749589022
7602	-0.0306853314828422
7603	-0.0186978540236715
7604	-0.0280249053324804
7605	-0.0286202581502428
7606	-0.0203636558559248
7607	-0.0161880387039667
7608	-0.0195439348419572
7609	0.006977152372872
7610	0.0138496385360311
7611	0.00669342852150599
7612	-0.00392976487737207
7613	0.0039110620451905
7614	0.0151103599526882
7615	0.0269867943868815
7616	0.0253593069078888
7617	0.0166328330996513
7618	0.0270967609347637
7619	0.029229539290724
7620	0.0232196497412281
7621	0.0219434523099586
7622	0.0280141339575755
7623	0.0327134120317468
7624	0.0215431984300174
7625	0.0343591990597824
7626	0.0444470669590197
7627	0.0348376387309705
7628	0.00852217283402747
7629	0.0279264423664598
7630	0.0455360609183647
7631	0.0356718553908763
7632	0.0298068134022561
7633	0.0300646462283819
7634	0.0241125111475851
7635	0.016461415316833
7636	0.0337564945560504
7637	0.0239128200803199
7638	0.0118064075763917
7639	0.018807386420695
7640	0.0137569289386777
7641	0.014927823993397
7642	0.0141604011098746
7643	0.00307346636488745
7644	-0.0199492576161112
7645	-0.0313871876862772
7646	-0.0267437623007081
7647	-0.0142943599353034
7648	-0.0234895968150786
7649	-0.0356969369004294
7650	-0.0510662496238984
7651	-0.0570692688115663
7652	-0.0593468194789211
7653	-0.0516988326894204
7654	-0.0467349525075071
7655	-0.0540400340521567
7656	-0.0555127077646606
7657	-0.0523762763442465
7658	-0.050129617703388
7659	-0.0461661098338989
7660	-0.0471327959464798
7661	-0.0401491175252692
7662	-0.0197333736585975
7663	-0.0179282097184611
7664	-0.00834841437147855
7665	-0.00846386100197769
7666	-0.0179043655454383
7667	-0.0109565360442922
7668	0.0179962290651671
7669	0.0156717307560963
7670	0.0155705210100428
7671	0.0200168064089333
7672	0.0168966858884508
7673	0.0170417031740379
7674	0.0258284960677284
7675	0.0180900249777004
7676	0.031399224718942
7677	0.0383095813237827
7678	0.0309002705497894
7679	0.0326831570970302
7680	0.0352118927029173
7681	0.0153992927560191
7682	0.0240464010772037
7683	0.0351998669501295
7684	0.0337539067214596
7685	0.046642278680931
7686	0.0525180080928437
7687	0.0339673016638572
7688	0.0362429658437611
7689	0.0371630630885793
7690	0.0304655404736526
7691	0.0419945593001825
7692	0.0363437509076279
7693	0.0296595011358723
7694	0.0418999599222067
7695	0.0416499380818426
7696	0.0179141059149683
7697	0.013730950375119
7698	0.0225318557377293
7699	-0.00303890700863082
7700	-0.0053461714724515
7701	0.00980361669366285
7702	-0.00423447882880017
7703	-0.0340990260496393
7704	-0.0424341238314768
7705	-0.0366517066276339
7706	-0.0350030678925021
7707	-0.0575031882737594
7708	-0.0651948032407765
7709	-0.0574442570511392
7710	-0.053614065152894
7711	-0.0653235039230119
7712	-0.0742038328152975
7713	-0.0683791262767556
7714	-0.0700347453571785
7715	-0.0743373033066077
7716	-0.0581370935705909
7717	-0.0326986536826802
7718	-0.0254361309158934
7719	-0.0454863471679239
7720	-0.0321250321373035
7721	-0.0271415650969641
7722	-0.0176561498283418
7723	-0.00446036939630687
7724	0.000195510864539762
7725	-0.0104362236041253
7726	0.0065445927337034
7727	0.0184433109461919
7728	0.0116866295860161
7729	0.0241012175931421
7730	0.0297617132617909
7731	0.0224938252048018
7732	0.0242981560276116
7733	0.0378412229852854
7734	0.0392679142224186
7735	0.0404192622416754
7736	0.0365588583959844
7737	0.0380719740091642
7738	0.0513226447418718
7739	0.0593600848957697
7740	0.0524119290657667
7741	0.0388214518548319
7742	0.0394486122297556
7743	0.0531863534120474
7744	0.0491226997501591
7745	0.0563800975927057
7746	0.0624793181334217
7747	0.0482307186884961
7748	0.0245990856285647
7749	0.0371686683825568
7750	0.0468992036113545
7751	0.0456869501436656
7752	0.0450142540905624
7753	0.0415049923370678
7754	0.0172624874224892
7755	0.0095928822821334
7756	0.0129034920156968
7757	0.00708406431642475
7758	-0.00053183875758523
7759	-0.0135457027778201
7760	-0.0305440416977259
7761	-0.0405898727827178
7762	-0.041431127726799
7763	-0.0557488160465494
7764	-0.0618992334297029
7765	-0.0659739413623007
7766	-0.0822659541971089
7767	-0.086709879402516
7768	-0.0752593286964019
7769	-0.0817845959383883
7770	-0.0961435897823519
7771	-0.0930288392368117
7772	-0.0767368084638886
7773	-0.063572327589347
7774	-0.0690035378859101
7775	-0.0613894790868246
7776	-0.0461221082268394
7777	-0.0487491128624936
7778	-0.0310220191032214
7779	-0.00870040548635903
7780	-0.00640523087856436
7781	-0.012820854124361
7782	-0.0120796465640953
7783	-0.0047091234114037
7784	0.0122937996689178
7785	0.0306953520030954
7786	0.022400836972705
7787	0.025125199240543
7788	0.0301110299816222
7789	0.0316442576134515
7790	0.0277883005328038
7791	0.0491295397083872
7792	0.0479622369122571
7793	0.0471175501132801
7794	0.0584776187908696
7795	0.0677240871453295
7796	0.0720985552239706
7797	0.0715301410456253
7798	0.0659173090541372
7799	0.0546104716590346
7800	0.0619126749911065
7801	0.0793913221579618
7802	0.0720204195433394
7803	0.0532440190791199
7804	0.0583974387096001
7805	0.0566205856587522
7806	0.0476493216687625
7807	0.0563136051596549
7808	0.0697098228817755
7809	0.0567139276339603
7810	0.0316471416265042
7811	0.0179022998595255
7812	0.0106475118681939
7813	0.000782398260349497
7814	0.00449636929147261
7815	1.47524237137028e-05
7816	-0.0185231709704471
7817	-0.0405294031521782
7818	-0.0569350462073011
7819	-0.0576884210378857
7820	-0.0520161879024036
7821	-0.0724813156753967
7822	-0.0913738359524971
7823	-0.0953463568463957
7824	-0.0896692749559349
7825	-0.100585751720965
7826	-0.104512762264966
7827	-0.100503948342342
7828	-0.100316139090706
7829	-0.102316181306711
7830	-0.0886085270195652
7831	-0.0689300402644028
7832	-0.0574364740069204
7833	-0.0630042249431257
7834	-0.0595017182753267
7835	-0.0444195820841691
7836	-0.0164827765299349
7837	-0.00266435582423717
7838	-0.010337115804707
7839	-0.00900272573312292
7840	0.00647323857386709
7841	0.0075248312148177
7842	0.00513185591402594
7843	0.0331749300962446
7844	0.0462793580700826
7845	0.035569044576797
7846	0.0274489694032144
7847	0.0386222175208432
7848	0.0505121499908172
7849	0.0544467941053715
7850	0.0593519167755742
7851	0.0736691370191443
7852	0.0744892722975159
7853	0.0830231846664952
7854	0.0839854065595986
7855	0.0828381952787982
7856	0.0842407114927717
7857	0.0900105956266225
7858	0.0883767591334675
7859	0.0811120604139008
7860	0.0731539384158436
7861	0.0638784367810559
7862	0.0607635841551883
7863	0.0688428445101556
7864	0.0758588243276678
7865	0.0726452566452149
7866	0.0504247829557636
7867	0.0229706459849409
7868	0.00568019323027956
7869	0.00770468031606088
7870	0.00687018846789062
7871	-0.0105234386641363
7872	-0.0154022846811089
7873	-0.0247727027915098
7874	-0.05292876498378
7875	-0.0688384628269368
7876	-0.0639429585926534
7877	-0.0739244115474496
7878	-0.0921072083976237
7879	-0.0989496040316837
7880	-0.0998286198305542
7881	-0.103433724977019
7882	-0.110414927374846
7883	-0.115452846961562
7884	-0.117095629880398
7885	-0.11007318229273
7886	-0.101111349424964
7887	-0.0888416960800387
7888	-0.0793218555955674
7889	-0.0737841470477401
7890	-0.071633443726735
7891	-0.0572971781089275
7892	-0.034367595239616
7893	-0.016131778345907
7894	-0.0178815089762915
7895	-0.0212625858935336
7896	-0.0133293632294482
7897	0.00840724947797028
7898	0.0229220228815689
7899	0.031400085985156
7900	0.0369554968104796
7901	0.0322748627539541
7902	0.0214831219068407
7903	0.0346426942433101
7904	0.0520413237040221
7905	0.0639833963836329
7906	0.0617571111094945
7907	0.0686375619352787
7908	0.0816367120838408
7909	0.0856969789520806
7910	0.0843097695566234
7911	0.0939845900327288
7912	0.0945440878565075
7913	0.0963263912807583
7914	0.114081168411775
7915	0.124326804547988
7916	0.107350852815478
7917	0.0752508857095923
7918	0.0617919662926244
7919	0.0685319988736535
7920	0.082205124746566
7921	0.0939277480297342
7922	0.0896686751115394
7923	0.0511579040188639
7924	0.00853957946724521
7925	-0.00894499100381188
7926	0.000156277196994353
7927	0.000312143351529855
7928	-0.00752274184669529
7929	-0.0270327710959431
7930	-0.0482277573818364
7931	-0.059023694971305
7932	-0.0660941384006512
7933	-0.0799176404502826
7934	-0.100072033884645
7935	-0.109869609889949
7936	-0.107214446073147
7937	-0.0963136521285683
7938	-0.0990366314141596
7939	-0.114528313296791
7940	-0.126977273321332
7941	-0.126425651822016
7942	-0.114343009300895
7943	-0.0973940175258313
7944	-0.0911728159819589
7945	-0.0838512581328304
7946	-0.074821989044767
7947	-0.0649817132558748
7948	-0.0614417636971942
7949	-0.0520079875101341
7950	-0.0243477970573737
7951	-0.0188412924500194
7952	-0.0240417440549253
7953	-0.00781839796548556
7954	0.0152287799341364
7955	0.01654967187501
7956	0.00823760595315617
7957	0.0243218478974178
7958	0.0329373593491097
7959	0.0415193442201337
7960	0.0471055863320175
7961	0.0515419603156617
7962	0.0649163227949196
7963	0.0691477876608859
7964	0.0624674854366081
7965	0.0753380207676256
7966	0.0977474942183336
7967	0.0948174906628322
7968	0.102535319599743
7969	0.11769566720572
7970	0.115900051613156
7971	0.114172510970916
7972	0.119560785988852
7973	0.114086513012418
7974	0.100570275641303
7975	0.0921610944955142
7976	0.0905046695975797
7977	0.0949602480893791
7978	0.0988847125743217
7979	0.09406324660217
7980	0.0582069917720588
7981	0.0124367648199852
7982	-0.00970011820818505
7983	-0.00534235521727008
7984	-0.00279600366326122
7985	-0.0170934193842085
7986	-0.0296699633815155
7987	-0.0488606069593926
7988	-0.0785280415504199
7989	-0.0896975718562481
7990	-0.0926082156170349
7991	-0.0990825314206542
7992	-0.108671057057555
7993	-0.123923972340253
7994	-0.118258466515424
7995	-0.107147141775665
7996	-0.122052755472049
7997	-0.132658674630104
7998	-0.129203661796703
7999	-0.116431490663181
8000	-0.100417706928657
8001	-0.0838770179610759
